Generacion,Mejor individuo,Mejor Fitness,Violaciones
1,[0.0852393  0.26259927 0.01009865 0.04502608 0.39317208 0.20478335],0.007459847268442337,0
2,[0.0852393  0.26259927 0.01009865 0.04502608 0.39317208 0.20478335],0.007459847268442337,0
3,[0.0852393  0.26259927 0.01009865 0.04502608 0.39317208 0.20478335],0.007459847268442337,0
4,[0.18747346 0.23220739 0.07777328 0.20191143 0.23342009 0.06588531],0.004988623486527429,0
5,[0.18747346 0.23220739 0.07777328 0.20191143 0.23342009 0.06588531],0.004988623486527429,0
6,[0.18747346 0.23220739 0.07777328 0.20191143 0.23342009 0.06588531],0.004988623486527429,0
7,[0.18747346 0.23220739 0.07777328 0.20191143 0.23342009 0.06588531],0.004988623486527429,0
8,[0.18747346 0.23220739 0.07777328 0.20191143 0.23342009 0.06588531],0.004988623486527429,0
9,[0.18747346 0.23220739 0.07777328 0.20191143 0.23342009 0.06588531],0.004988623486527429,0
10,[0.18747346 0.23220739 0.07777328 0.20191143 0.23342009 0.06588531],0.004988623486527429,0
11,[0.18747346 0.23220739 0.07777328 0.20191143 0.23342009 0.06588531],0.004988623486527429,0
12,[0.18747346 0.23220739 0.07777328 0.20191143 0.23342009 0.06588531],0.004988623486527429,0
13,[0.18747346 0.23220739 0.07777328 0.20191143 0.23342009 0.06588531],0.004988623486527429,0
14,[0.18747346 0.23220739 0.07777328 0.20191143 0.23342009 0.06588531],0.004988623486527429,0
15,[0.18747346 0.23220739 0.07777328 0.20191143 0.23342009 0.06588531],0.004988623486527429,0
16,[0.18747346 0.23220739 0.07777328 0.20191143 0.23342009 0.06588531],0.004988623486527429,0
17,[0.18747346 0.23220739 0.07777328 0.20191143 0.23342009 0.06588531],0.004988623486527429,0
18,[0.18747346 0.23220739 0.07777328 0.20191143 0.23342009 0.06588531],0.004988623486527429,0
19,[0.17432828 0.26821659 0.01075968 0.23587979 0.16913698 0.1391777 ],0.0033112832901812514,0
20,[0.17432828 0.26821659 0.01075968 0.23587979 0.16913698 0.1391777 ],0.0033112832901812514,0
21,[0.17432828 0.26821659 0.01075968 0.23587979 0.16913698 0.1391777 ],0.0033112832901812514,0
22,[0.17432828 0.26821659 0.01075968 0.23587979 0.16913698 0.1391777 ],0.0033112832901812514,0
23,[0.17432828 0.26821659 0.01075968 0.23587979 0.16913698 0.1391777 ],0.0033112832901812514,0
24,[0.17432828 0.26821659 0.01075968 0.23587979 0.16913698 0.1391777 ],0.0033112832901812514,0
25,[0.17432828 0.26821659 0.01075968 0.23587979 0.16913698 0.1391777 ],0.0033112832901812514,0
26,[0.17432828 0.26821659 0.01075968 0.23587979 0.16913698 0.1391777 ],0.0033112832901812514,0
27,[0.17432828 0.26821659 0.01075968 0.23587979 0.16913698 0.1391777 ],0.0033112832901812514,0
28,[0.23360808 0.26285566 0.01352536 0.20338534 0.15949087 0.12841518],0.0024923473441838553,0
29,[0.23360808 0.26285566 0.01352536 0.20338534 0.15949087 0.12841518],0.0024923473441838553,0
30,[0.23360808 0.26285566 0.01352536 0.20338534 0.15949087 0.12841518],0.0024923473441838553,0
31,[0.23360808 0.26285566 0.01352536 0.20338534 0.15949087 0.12841518],0.0024923473441838553,0
32,[0.23360808 0.26285566 0.01352536 0.20338534 0.15949087 0.12841518],0.0024923473441838553,0
33,[0.23360808 0.26285566 0.01352536 0.20338534 0.15949087 0.12841518],0.0024923473441838553,0
34,[0.23360808 0.26285566 0.01352536 0.20338534 0.15949087 0.12841518],0.0024923473441838553,0
35,[0.23360808 0.26285566 0.01352536 0.20338534 0.15949087 0.12841518],0.0024923473441838553,0
36,[0.23360808 0.26285566 0.01352536 0.20338534 0.15949087 0.12841518],0.0024923473441838553,0
37,[0.23360808 0.26285566 0.01352536 0.20338534 0.15949087 0.12841518],0.0024923473441838553,0
38,[0.23360808 0.26285566 0.01352536 0.20338534 0.15949087 0.12841518],0.0024923473441838553,0
39,[0.23360808 0.26285566 0.01352536 0.20338534 0.15949087 0.12841518],0.0024923473441838553,0
40,[0.23360808 0.26285566 0.01352536 0.20338534 0.15949087 0.12841518],0.0024923473441838553,0
41,[0.23360808 0.26285566 0.01352536 0.20338534 0.15949087 0.12841518],0.0024923473441838553,0
42,[0.23360808 0.26285566 0.01352536 0.20338534 0.15949087 0.12841518],0.0024923473441838553,0
43,[0.23360808 0.26285566 0.01352536 0.20338534 0.15949087 0.12841518],0.0024923473441838553,0
44,[0.23360808 0.26285566 0.01352536 0.20338534 0.15949087 0.12841518],0.0024923473441838553,0
45,[0.23360808 0.26285566 0.01352536 0.20338534 0.15949087 0.12841518],0.0024923473441838553,0
46,[0.23360808 0.26285566 0.01352536 0.20338534 0.15949087 0.12841518],0.0024923473441838553,0
47,[0.23360808 0.26285566 0.01352536 0.20338534 0.15949087 0.12841518],0.0024923473441838553,0
48,[0.23360808 0.26285566 0.01352536 0.20338534 0.15949087 0.12841518],0.0024923473441838553,0
49,[0.23360808 0.26285566 0.01352536 0.20338534 0.15949087 0.12841518],0.0024923473441838553,0
50,[0.23360808 0.26285566 0.01352536 0.20338534 0.15949087 0.12841518],0.0024923473441838553,0
51,[0.23360808 0.26285566 0.01352536 0.20338534 0.15949087 0.12841518],0.0024923473441838553,0
52,[0.23360808 0.26285566 0.01352536 0.20338534 0.15949087 0.12841518],0.0024923473441838553,0
53,[0.23360808 0.26285566 0.01352536 0.20338534 0.15949087 0.12841518],0.0024923473441838553,0
54,[0.23360808 0.26285566 0.01352536 0.20338534 0.15949087 0.12841518],0.0024923473441838553,0
55,[0.23360808 0.26285566 0.01352536 0.20338534 0.15949087 0.12841518],0.0024923473441838553,0
56,[0.23360808 0.26285566 0.01352536 0.20338534 0.15949087 0.12841518],0.0024923473441838553,0
57,[0.23360808 0.26285566 0.01352536 0.20338534 0.15949087 0.12841518],0.0024923473441838553,0
58,[0.23360808 0.26285566 0.01352536 0.20338534 0.15949087 0.12841518],0.0024923473441838553,0
59,[0.23360808 0.26285566 0.01352536 0.20338534 0.15949087 0.12841518],0.0024923473441838553,0
60,[0.23360808 0.26285566 0.01352536 0.20338534 0.15949087 0.12841518],0.0024923473441838553,0
61,[0.23360808 0.26285566 0.01352536 0.20338534 0.15949087 0.12841518],0.0024923473441838553,0
62,[0.23360808 0.26285566 0.01352536 0.20338534 0.15949087 0.12841518],0.0024923473441838553,0
63,[0.23360808 0.26285566 0.01352536 0.20338534 0.15949087 0.12841518],0.0024923473441838553,0
64,[0.23360808 0.26285566 0.01352536 0.20338534 0.15949087 0.12841518],0.0024923473441838553,0
65,[0.23360808 0.26285566 0.01352536 0.20338534 0.15949087 0.12841518],0.0024923473441838553,0
66,[0.23360808 0.26285566 0.01352536 0.20338534 0.15949087 0.12841518],0.0024923473441838553,0
67,[0.23360808 0.26285566 0.01352536 0.20338534 0.15949087 0.12841518],0.0024923473441838553,0
68,[0.23360808 0.26285566 0.01352536 0.20338534 0.15949087 0.12841518],0.0024923473441838553,0
69,[0.23360808 0.26285566 0.01352536 0.20338534 0.15949087 0.12841518],0.0024923473441838553,0
70,[0.23360808 0.26285566 0.01352536 0.20338534 0.15949087 0.12841518],0.0024923473441838553,0
71,[0.23360808 0.26285566 0.01352536 0.20338534 0.15949087 0.12841518],0.0024923473441838553,0
72,[0.23360808 0.26285566 0.01352536 0.20338534 0.15949087 0.12841518],0.0024923473441838553,0
73,[0.23360808 0.26285566 0.01352536 0.20338534 0.15949087 0.12841518],0.0024923473441838553,0
74,[0.23360808 0.26285566 0.01352536 0.20338534 0.15949087 0.12841518],0.0024923473441838553,0
75,[0.23360808 0.26285566 0.01352536 0.20338534 0.15949087 0.12841518],0.0024923473441838553,0
76,[0.23360808 0.26285566 0.01352536 0.20338534 0.15949087 0.12841518],0.0024923473441838553,0
77,[0.23360808 0.26285566 0.01352536 0.20338534 0.15949087 0.12841518],0.0024923473441838553,0
78,[0.23360808 0.26285566 0.01352536 0.20338534 0.15949087 0.12841518],0.0024923473441838553,0
79,[0.23360808 0.26285566 0.01352536 0.20338534 0.15949087 0.12841518],0.0024923473441838553,0
80,[0.23360808 0.26285566 0.01352536 0.20338534 0.15949087 0.12841518],0.0024923473441838553,0
81,[0.23360808 0.26285566 0.01352536 0.20338534 0.15949087 0.12841518],0.0024923473441838553,0
82,[0.23360808 0.26285566 0.01352536 0.20338534 0.15949087 0.12841518],0.0024923473441838553,0
83,[0.23360808 0.26285566 0.01352536 0.20338534 0.15949087 0.12841518],0.0024923473441838553,0
84,[0.23360808 0.26285566 0.01352536 0.20338534 0.15949087 0.12841518],0.0024923473441838553,0
85,[0.23360808 0.26285566 0.01352536 0.20338534 0.15949087 0.12841518],0.0024923473441838553,0
86,[0.23360808 0.26285566 0.01352536 0.20338534 0.15949087 0.12841518],0.0024923473441838553,0
87,[0.23360808 0.26285566 0.01352536 0.20338534 0.15949087 0.12841518],0.0024923473441838553,0
88,[0.23360808 0.26285566 0.01352536 0.20338534 0.15949087 0.12841518],0.0024923473441838553,0
89,[0.23360808 0.26285566 0.01352536 0.20338534 0.15949087 0.12841518],0.0024923473441838553,0
90,[0.23360808 0.26285566 0.01352536 0.20338534 0.15949087 0.12841518],0.0024923473441838553,0
91,[0.23360808 0.26285566 0.01352536 0.20338534 0.15949087 0.12841518],0.0024923473441838553,0
92,[0.23360808 0.26285566 0.01352536 0.20338534 0.15949087 0.12841518],0.0024923473441838553,0
93,[0.23360808 0.26285566 0.01352536 0.20338534 0.15949087 0.12841518],0.0024923473441838553,0
94,[0.23360808 0.26285566 0.01352536 0.20338534 0.15949087 0.12841518],0.0024923473441838553,0
95,[0.23360808 0.26285566 0.01352536 0.20338534 0.15949087 0.12841518],0.0024923473441838553,0
96,[0.23360808 0.26285566 0.01352536 0.20338534 0.15949087 0.12841518],0.0024923473441838553,0
97,[0.23360808 0.26285566 0.01352536 0.20338534 0.15949087 0.12841518],0.0024923473441838553,0
98,[0.23360808 0.26285566 0.01352536 0.20338534 0.15949087 0.12841518],0.0024923473441838553,0
99,[0.23360808 0.26285566 0.01352536 0.20338534 0.15949087 0.12841518],0.0024923473441838553,0
100,[0.23360808 0.26285566 0.01352536 0.20338534 0.15949087 0.12841518],0.0024923473441838553,0
101,[0.23360808 0.26285566 0.01352536 0.20338534 0.15949087 0.12841518],0.0024923473441838553,0
102,[0.23360808 0.26285566 0.01352536 0.20338534 0.15949087 0.12841518],0.0024923473441838553,0
103,[0.23360808 0.26285566 0.01352536 0.20338534 0.15949087 0.12841518],0.0024923473441838553,0
104,[0.23360808 0.26285566 0.01352536 0.20338534 0.15949087 0.12841518],0.0024923473441838553,0
105,[0.23360808 0.26285566 0.01352536 0.20338534 0.15949087 0.12841518],0.0024923473441838553,0
106,[0.23360808 0.26285566 0.01352536 0.20338534 0.15949087 0.12841518],0.0024923473441838553,0
107,[0.23360808 0.26285566 0.01352536 0.20338534 0.15949087 0.12841518],0.0024923473441838553,0
108,[0.23360808 0.26285566 0.01352536 0.20338534 0.15949087 0.12841518],0.0024923473441838553,0
109,[0.23360808 0.26285566 0.01352536 0.20338534 0.15949087 0.12841518],0.0024923473441838553,0
110,[0.23360808 0.26285566 0.01352536 0.20338534 0.15949087 0.12841518],0.0024923473441838553,0
111,[0.23360808 0.26285566 0.01352536 0.20338534 0.15949087 0.12841518],0.0024923473441838553,0
112,[0.23360808 0.26285566 0.01352536 0.20338534 0.15949087 0.12841518],0.0024923473441838553,0
113,[0.23360808 0.26285566 0.01352536 0.20338534 0.15949087 0.12841518],0.0024923473441838553,0
114,[0.23360808 0.26285566 0.01352536 0.20338534 0.15949087 0.12841518],0.0024923473441838553,0
115,[0.23360808 0.26285566 0.01352536 0.20338534 0.15949087 0.12841518],0.0024923473441838553,0
116,[0.23360808 0.26285566 0.01352536 0.20338534 0.15949087 0.12841518],0.0024923473441838553,0
117,[0.23360808 0.26285566 0.01352536 0.20338534 0.15949087 0.12841518],0.0024923473441838553,0
118,[0.23360808 0.26285566 0.01352536 0.20338534 0.15949087 0.12841518],0.0024923473441838553,0
119,[0.23360808 0.26285566 0.01352536 0.20338534 0.15949087 0.12841518],0.0024923473441838553,0
120,[0.23360808 0.26285566 0.01352536 0.20338534 0.15949087 0.12841518],0.0024923473441838553,0
121,[0.23360808 0.26285566 0.01352536 0.20338534 0.15949087 0.12841518],0.0024923473441838553,0
122,[0.23360808 0.26285566 0.01352536 0.20338534 0.15949087 0.12841518],0.0024923473441838553,0
123,[0.23360808 0.26285566 0.01352536 0.20338534 0.15949087 0.12841518],0.0024923473441838553,0
124,[0.23360808 0.26285566 0.01352536 0.20338534 0.15949087 0.12841518],0.0024923473441838553,0
125,[0.23360808 0.26285566 0.01352536 0.20338534 0.15949087 0.12841518],0.0024923473441838553,0
126,[0.23360808 0.26285566 0.01352536 0.20338534 0.15949087 0.12841518],0.0024923473441838553,0
127,[0.23360808 0.26285566 0.01352536 0.20338534 0.15949087 0.12841518],0.0024923473441838553,0
128,[0.23360808 0.26285566 0.01352536 0.20338534 0.15949087 0.12841518],0.0024923473441838553,0
129,[0.23360808 0.26285566 0.01352536 0.20338534 0.15949087 0.12841518],0.0024923473441838553,0
130,[0.23360808 0.26285566 0.01352536 0.20338534 0.15949087 0.12841518],0.0024923473441838553,0
131,[0.23360808 0.26285566 0.01352536 0.20338534 0.15949087 0.12841518],0.0024923473441838553,0
132,[0.23360808 0.26285566 0.01352536 0.20338534 0.15949087 0.12841518],0.0024923473441838553,0
133,[0.23360808 0.26285566 0.01352536 0.20338534 0.15949087 0.12841518],0.0024923473441838553,0
134,[0.23360808 0.26285566 0.01352536 0.20338534 0.15949087 0.12841518],0.0024923473441838553,0
135,[0.23360808 0.26285566 0.01352536 0.20338534 0.15949087 0.12841518],0.0024923473441838553,0
136,[0.23360808 0.26285566 0.01352536 0.20338534 0.15949087 0.12841518],0.0024923473441838553,0
137,[0.23360808 0.26285566 0.01352536 0.20338534 0.15949087 0.12841518],0.0024923473441838553,0
138,[0.23360808 0.26285566 0.01352536 0.20338534 0.15949087 0.12841518],0.0024923473441838553,0
139,[0.23360808 0.26285566 0.01352536 0.20338534 0.15949087 0.12841518],0.0024923473441838553,0
140,[0.23360808 0.26285566 0.01352536 0.20338534 0.15949087 0.12841518],0.0024923473441838553,0
141,[0.23360808 0.26285566 0.01352536 0.20338534 0.15949087 0.12841518],0.0024923473441838553,0
142,[0.23360808 0.26285566 0.01352536 0.20338534 0.15949087 0.12841518],0.0024923473441838553,0
143,[0.23360808 0.26285566 0.01352536 0.20338534 0.15949087 0.12841518],0.0024923473441838553,0
144,[0.23360808 0.26285566 0.01352536 0.20338534 0.15949087 0.12841518],0.0024923473441838553,0
145,[0.23360808 0.26285566 0.01352536 0.20338534 0.15949087 0.12841518],0.0024923473441838553,0
146,[0.23360808 0.26285566 0.01352536 0.20338534 0.15949087 0.12841518],0.0024923473441838553,0
147,[0.23360808 0.26285566 0.01352536 0.20338534 0.15949087 0.12841518],0.0024923473441838553,0
148,[0.23360808 0.26285566 0.01352536 0.20338534 0.15949087 0.12841518],0.0024923473441838553,0
149,[0.23360808 0.26285566 0.01352536 0.20338534 0.15949087 0.12841518],0.0024923473441838553,0
150,[0.23360808 0.26285566 0.01352536 0.20338534 0.15949087 0.12841518],0.0024923473441838553,0
151,[0.23360808 0.26285566 0.01352536 0.20338534 0.15949087 0.12841518],0.0024923473441838553,0
152,[0.23360808 0.26285566 0.01352536 0.20338534 0.15949087 0.12841518],0.0024923473441838553,0
153,[0.23360808 0.26285566 0.01352536 0.20338534 0.15949087 0.12841518],0.0024923473441838553,0
154,[0.23360808 0.26285566 0.01352536 0.20338534 0.15949087 0.12841518],0.0024923473441838553,0
155,[0.23360808 0.26285566 0.01352536 0.20338534 0.15949087 0.12841518],0.0024923473441838553,0
156,[0.23360808 0.26285566 0.01352536 0.20338534 0.15949087 0.12841518],0.0024923473441838553,0
157,[0.23360808 0.26285566 0.01352536 0.20338534 0.15949087 0.12841518],0.0024923473441838553,0
158,[0.23360808 0.26285566 0.01352536 0.20338534 0.15949087 0.12841518],0.0024923473441838553,0
159,[0.23360808 0.26285566 0.01352536 0.20338534 0.15949087 0.12841518],0.0024923473441838553,0
160,[0.23360808 0.26285566 0.01352536 0.20338534 0.15949087 0.12841518],0.0024923473441838553,0
161,[0.23360808 0.26285566 0.01352536 0.20338534 0.15949087 0.12841518],0.0024923473441838553,0
162,[0.23360808 0.26285566 0.01352536 0.20338534 0.15949087 0.12841518],0.0024923473441838553,0
163,[0.23360808 0.26285566 0.01352536 0.20338534 0.15949087 0.12841518],0.0024923473441838553,0
164,[0.23360808 0.26285566 0.01352536 0.20338534 0.15949087 0.12841518],0.0024923473441838553,0
165,[0.23360808 0.26285566 0.01352536 0.20338534 0.15949087 0.12841518],0.0024923473441838553,0
166,[0.23360808 0.26285566 0.01352536 0.20338534 0.15949087 0.12841518],0.0024923473441838553,0
167,[0.23360808 0.26285566 0.01352536 0.20338534 0.15949087 0.12841518],0.0024923473441838553,0
168,[0.23360808 0.26285566 0.01352536 0.20338534 0.15949087 0.12841518],0.0024923473441838553,0
169,[0.23360808 0.26285566 0.01352536 0.20338534 0.15949087 0.12841518],0.0024923473441838553,0
170,[0.23360808 0.26285566 0.01352536 0.20338534 0.15949087 0.12841518],0.0024923473441838553,0
171,[0.23360808 0.26285566 0.01352536 0.20338534 0.15949087 0.12841518],0.0024923473441838553,0
172,[0.23360808 0.26285566 0.01352536 0.20338534 0.15949087 0.12841518],0.0024923473441838553,0
173,[0.23360808 0.26285566 0.01352536 0.20338534 0.15949087 0.12841518],0.0024923473441838553,0
174,[0.23360808 0.26285566 0.01352536 0.20338534 0.15949087 0.12841518],0.0024923473441838553,0
175,[0.23360808 0.26285566 0.01352536 0.20338534 0.15949087 0.12841518],0.0024923473441838553,0
176,[0.23360808 0.26285566 0.01352536 0.20338534 0.15949087 0.12841518],0.0024923473441838553,0
177,[0.23360808 0.26285566 0.01352536 0.20338534 0.15949087 0.12841518],0.0024923473441838553,0
178,[0.23360808 0.26285566 0.01352536 0.20338534 0.15949087 0.12841518],0.0024923473441838553,0
179,[0.23360808 0.26285566 0.01352536 0.20338534 0.15949087 0.12841518],0.0024923473441838553,0
180,[0.23360808 0.26285566 0.01352536 0.20338534 0.15949087 0.12841518],0.0024923473441838553,0
181,[0.23360808 0.26285566 0.01352536 0.20338534 0.15949087 0.12841518],0.0024923473441838553,0
182,[0.23360808 0.26285566 0.01352536 0.20338534 0.15949087 0.12841518],0.0024923473441838553,0
183,[0.23360808 0.26285566 0.01352536 0.20338534 0.15949087 0.12841518],0.0024923473441838553,0
184,[0.23360808 0.26285566 0.01352536 0.20338534 0.15949087 0.12841518],0.0024923473441838553,0
185,[0.23360808 0.26285566 0.01352536 0.20338534 0.15949087 0.12841518],0.0024923473441838553,0
186,[0.23360808 0.26285566 0.01352536 0.20338534 0.15949087 0.12841518],0.0024923473441838553,0
187,[0.23360808 0.26285566 0.01352536 0.20338534 0.15949087 0.12841518],0.0024923473441838553,0
188,[0.23360808 0.26285566 0.01352536 0.20338534 0.15949087 0.12841518],0.0024923473441838553,0
189,[0.23360808 0.26285566 0.01352536 0.20338534 0.15949087 0.12841518],0.0024923473441838553,0
190,[0.23360808 0.26285566 0.01352536 0.20338534 0.15949087 0.12841518],0.0024923473441838553,0
191,[0.23360808 0.26285566 0.01352536 0.20338534 0.15949087 0.12841518],0.0024923473441838553,0
192,[0.23360808 0.26285566 0.01352536 0.20338534 0.15949087 0.12841518],0.0024923473441838553,0
193,[0.23360808 0.26285566 0.01352536 0.20338534 0.15949087 0.12841518],0.0024923473441838553,0
194,[0.23360808 0.26285566 0.01352536 0.20338534 0.15949087 0.12841518],0.0024923473441838553,0
195,[0.23360808 0.26285566 0.01352536 0.20338534 0.15949087 0.12841518],0.0024923473441838553,0
196,[0.23360808 0.26285566 0.01352536 0.20338534 0.15949087 0.12841518],0.0024923473441838553,0
197,[0.23360808 0.26285566 0.01352536 0.20338534 0.15949087 0.12841518],0.0024923473441838553,0
198,[0.23360808 0.26285566 0.01352536 0.20338534 0.15949087 0.12841518],0.0024923473441838553,0
199,[0.23360808 0.26285566 0.01352536 0.20338534 0.15949087 0.12841518],0.0024923473441838553,0
200,[0.23360808 0.26285566 0.01352536 0.20338534 0.15949087 0.12841518],0.0024923473441838553,0
201,[0.23360808 0.26285566 0.01352536 0.20338534 0.15949087 0.12841518],0.0024923473441838553,0
202,[0.23360808 0.26285566 0.01352536 0.20338534 0.15949087 0.12841518],0.0024923473441838553,0
203,[0.23360808 0.26285566 0.01352536 0.20338534 0.15949087 0.12841518],0.0024923473441838553,0
204,[0.23360808 0.26285566 0.01352536 0.20338534 0.15949087 0.12841518],0.0024923473441838553,0
205,[0.23360808 0.26285566 0.01352536 0.20338534 0.15949087 0.12841518],0.0024923473441838553,0
206,[0.23360808 0.26285566 0.01352536 0.20338534 0.15949087 0.12841518],0.0024923473441838553,0
207,[0.23360808 0.26285566 0.01352536 0.20338534 0.15949087 0.12841518],0.0024923473441838553,0
208,[0.23360808 0.26285566 0.01352536 0.20338534 0.15949087 0.12841518],0.0024923473441838553,0
209,[0.23360808 0.26285566 0.01352536 0.20338534 0.15949087 0.12841518],0.0024923473441838553,0
210,[0.23360808 0.26285566 0.01352536 0.20338534 0.15949087 0.12841518],0.0024923473441838553,0
211,[0.23360808 0.26285566 0.01352536 0.20338534 0.15949087 0.12841518],0.0024923473441838553,0
212,[0.23360808 0.26285566 0.01352536 0.20338534 0.15949087 0.12841518],0.0024923473441838553,0
213,[0.23360808 0.26285566 0.01352536 0.20338534 0.15949087 0.12841518],0.0024923473441838553,0
214,[0.23360808 0.26285566 0.01352536 0.20338534 0.15949087 0.12841518],0.0024923473441838553,0
215,[0.23360808 0.26285566 0.01352536 0.20338534 0.15949087 0.12841518],0.0024923473441838553,0
216,[0.23360808 0.26285566 0.01352536 0.20338534 0.15949087 0.12841518],0.0024923473441838553,0
217,[0.23360808 0.26285566 0.01352536 0.20338534 0.15949087 0.12841518],0.0024923473441838553,0
218,[0.23360808 0.26285566 0.01352536 0.20338534 0.15949087 0.12841518],0.0024923473441838553,0
219,[0.23360808 0.26285566 0.01352536 0.20338534 0.15949087 0.12841518],0.0024923473441838553,0
220,[0.23360808 0.26285566 0.01352536 0.20338534 0.15949087 0.12841518],0.0024923473441838553,0
221,[0.23360808 0.26285566 0.01352536 0.20338534 0.15949087 0.12841518],0.0024923473441838553,0
222,[0.23360808 0.26285566 0.01352536 0.20338534 0.15949087 0.12841518],0.0024923473441838553,0
223,[0.23360808 0.26285566 0.01352536 0.20338534 0.15949087 0.12841518],0.0024923473441838553,0
224,[0.23360808 0.26285566 0.01352536 0.20338534 0.15949087 0.12841518],0.0024923473441838553,0
225,[0.23360808 0.26285566 0.01352536 0.20338534 0.15949087 0.12841518],0.0024923473441838553,0
226,[0.23360808 0.26285566 0.01352536 0.20338534 0.15949087 0.12841518],0.0024923473441838553,0
227,[0.23360808 0.26285566 0.01352536 0.20338534 0.15949087 0.12841518],0.0024923473441838553,0
228,[0.23360808 0.26285566 0.01352536 0.20338534 0.15949087 0.12841518],0.0024923473441838553,0
229,[0.23360808 0.26285566 0.01352536 0.20338534 0.15949087 0.12841518],0.0024923473441838553,0
230,[0.23360808 0.26285566 0.01352536 0.20338534 0.15949087 0.12841518],0.0024923473441838553,0
231,[0.23360808 0.26285566 0.01352536 0.20338534 0.15949087 0.12841518],0.0024923473441838553,0
232,[0.23360808 0.26285566 0.01352536 0.20338534 0.15949087 0.12841518],0.0024923473441838553,0
233,[0.23360808 0.26285566 0.01352536 0.20338534 0.15949087 0.12841518],0.0024923473441838553,0
234,[0.23360808 0.26285566 0.01352536 0.20338534 0.15949087 0.12841518],0.0024923473441838553,0
235,[0.23360808 0.26285566 0.01352536 0.20338534 0.15949087 0.12841518],0.0024923473441838553,0
236,[0.23360808 0.26285566 0.01352536 0.20338534 0.15949087 0.12841518],0.0024923473441838553,0
237,[0.22271764 0.26283794 0.01994658 0.20078961 0.16976981 0.12387125],0.0024752620903388005,0
238,[0.22271764 0.26283794 0.01994658 0.20078961 0.16976981 0.12387125],0.0024752620903388005,0
239,[0.22271764 0.26283794 0.01994658 0.20078961 0.16976981 0.12387125],0.0024752620903388005,0
240,[0.22271764 0.26283794 0.01994658 0.20078961 0.16976981 0.12387125],0.0024752620903388005,0
241,[0.22271764 0.26283794 0.01994658 0.20078961 0.16976981 0.12387125],0.0024752620903388005,0
242,[0.22271764 0.26283794 0.01994658 0.20078961 0.16976981 0.12387125],0.0024752620903388005,0
243,[0.22271764 0.26283794 0.01994658 0.20078961 0.16976981 0.12387125],0.0024752620903388005,0
244,[0.22271764 0.26283794 0.01994658 0.20078961 0.16976981 0.12387125],0.0024752620903388005,0
245,[0.22271764 0.26283794 0.01994658 0.20078961 0.16976981 0.12387125],0.0024752620903388005,0
246,[0.22271764 0.26283794 0.01994658 0.20078961 0.16976981 0.12387125],0.0024752620903388005,0
247,[0.22271764 0.26283794 0.01994658 0.20078961 0.16976981 0.12387125],0.0024752620903388005,0
248,[0.22271764 0.26283794 0.01994658 0.20078961 0.16976981 0.12387125],0.0024752620903388005,0
249,[0.22271764 0.26283794 0.01994658 0.20078961 0.16976981 0.12387125],0.0024752620903388005,0
250,[0.22271764 0.26283794 0.01994658 0.20078961 0.16976981 0.12387125],0.0024752620903388005,0
251,[0.22271764 0.26283794 0.01994658 0.20078961 0.16976981 0.12387125],0.0024752620903388005,0
252,[0.22271764 0.26283794 0.01994658 0.20078961 0.16976981 0.12387125],0.0024752620903388005,0
253,[0.22271764 0.26283794 0.01994658 0.20078961 0.16976981 0.12387125],0.0024752620903388005,0
254,[0.22271764 0.26283794 0.01994658 0.20078961 0.16976981 0.12387125],0.0024752620903388005,0
255,[0.22271764 0.26283794 0.01994658 0.20078961 0.16976981 0.12387125],0.0024752620903388005,0
256,[0.22271764 0.26283794 0.01994658 0.20078961 0.16976981 0.12387125],0.0024752620903388005,0
257,[0.22271764 0.26283794 0.01994658 0.20078961 0.16976981 0.12387125],0.0024752620903388005,0
258,[0.22271764 0.26283794 0.01994658 0.20078961 0.16976981 0.12387125],0.0024752620903388005,0
259,[0.22271764 0.26283794 0.01994658 0.20078961 0.16976981 0.12387125],0.0024752620903388005,0
260,[0.22271764 0.26283794 0.01994658 0.20078961 0.16976981 0.12387125],0.0024752620903388005,0
261,[0.22271764 0.26283794 0.01994658 0.20078961 0.16976981 0.12387125],0.0024752620903388005,0
262,[0.22271764 0.26283794 0.01994658 0.20078961 0.16976981 0.12387125],0.0024752620903388005,0
263,[0.22271764 0.26283794 0.01994658 0.20078961 0.16976981 0.12387125],0.0024752620903388005,0
264,[0.22271764 0.26283794 0.01994658 0.20078961 0.16976981 0.12387125],0.0024752620903388005,0
265,[0.22271764 0.26283794 0.01994658 0.20078961 0.16976981 0.12387125],0.0024752620903388005,0
266,[0.22271764 0.26283794 0.01994658 0.20078961 0.16976981 0.12387125],0.0024752620903388005,0
267,[0.22271764 0.26283794 0.01994658 0.20078961 0.16976981 0.12387125],0.0024752620903388005,0
268,[0.22271764 0.26283794 0.01994658 0.20078961 0.16976981 0.12387125],0.0024752620903388005,0
269,[0.22271764 0.26283794 0.01994658 0.20078961 0.16976981 0.12387125],0.0024752620903388005,0
270,[0.22271764 0.26283794 0.01994658 0.20078961 0.16976981 0.12387125],0.0024752620903388005,0
271,[0.22271764 0.26283794 0.01994658 0.20078961 0.16976981 0.12387125],0.0024752620903388005,0
272,[0.22271764 0.26283794 0.01994658 0.20078961 0.16976981 0.12387125],0.0024752620903388005,0
273,[0.22271764 0.26283794 0.01994658 0.20078961 0.16976981 0.12387125],0.0024752620903388005,0
274,[0.22271764 0.26283794 0.01994658 0.20078961 0.16976981 0.12387125],0.0024752620903388005,0
275,[0.22271764 0.26283794 0.01994658 0.20078961 0.16976981 0.12387125],0.0024752620903388005,0
276,[0.22271764 0.26283794 0.01994658 0.20078961 0.16976981 0.12387125],0.0024752620903388005,0
277,[0.22271764 0.26283794 0.01994658 0.20078961 0.16976981 0.12387125],0.0024752620903388005,0
278,[0.22271764 0.26283794 0.01994658 0.20078961 0.16976981 0.12387125],0.0024752620903388005,0
279,[0.22271764 0.26283794 0.01994658 0.20078961 0.16976981 0.12387125],0.0024752620903388005,0
280,[0.22271764 0.26283794 0.01994658 0.20078961 0.16976981 0.12387125],0.0024752620903388005,0
281,[0.22271764 0.26283794 0.01994658 0.20078961 0.16976981 0.12387125],0.0024752620903388005,0
282,[0.22271764 0.26283794 0.01994658 0.20078961 0.16976981 0.12387125],0.0024752620903388005,0
283,[0.22271764 0.26283794 0.01994658 0.20078961 0.16976981 0.12387125],0.0024752620903388005,0
284,[0.22271764 0.26283794 0.01994658 0.20078961 0.16976981 0.12387125],0.0024752620903388005,0
285,[0.22271764 0.26283794 0.01994658 0.20078961 0.16976981 0.12387125],0.0024752620903388005,0
286,[0.22271764 0.26283794 0.01994658 0.20078961 0.16976981 0.12387125],0.0024752620903388005,0
287,[0.22271764 0.26283794 0.01994658 0.20078961 0.16976981 0.12387125],0.0024752620903388005,0
288,[0.22271764 0.26283794 0.01994658 0.20078961 0.16976981 0.12387125],0.0024752620903388005,0
289,[0.22271764 0.26283794 0.01994658 0.20078961 0.16976981 0.12387125],0.0024752620903388005,0
290,[0.22271764 0.26283794 0.01994658 0.20078961 0.16976981 0.12387125],0.0024752620903388005,0
291,[0.22271764 0.26283794 0.01994658 0.20078961 0.16976981 0.12387125],0.0024752620903388005,0
292,[0.22271764 0.26283794 0.01994658 0.20078961 0.16976981 0.12387125],0.0024752620903388005,0
293,[0.22271764 0.26283794 0.01994658 0.20078961 0.16976981 0.12387125],0.0024752620903388005,0
294,[0.22271764 0.26283794 0.01994658 0.20078961 0.16976981 0.12387125],0.0024752620903388005,0
295,[0.22271764 0.26283794 0.01994658 0.20078961 0.16976981 0.12387125],0.0024752620903388005,0
296,[0.22271764 0.26283794 0.01994658 0.20078961 0.16976981 0.12387125],0.0024752620903388005,0
297,[0.22271764 0.26283794 0.01994658 0.20078961 0.16976981 0.12387125],0.0024752620903388005,0
298,[0.22271764 0.26283794 0.01994658 0.20078961 0.16976981 0.12387125],0.0024752620903388005,0
299,[0.22271764 0.26283794 0.01994658 0.20078961 0.16976981 0.12387125],0.0024752620903388005,0
300,[0.22271764 0.26283794 0.01994658 0.20078961 0.16976981 0.12387125],0.0024752620903388005,0
301,[0.22271764 0.26283794 0.01994658 0.20078961 0.16976981 0.12387125],0.0024752620903388005,0
302,[0.22271764 0.26283794 0.01994658 0.20078961 0.16976981 0.12387125],0.0024752620903388005,0
303,[0.22271764 0.26283794 0.01994658 0.20078961 0.16976981 0.12387125],0.0024752620903388005,0
304,[0.22271764 0.26283794 0.01994658 0.20078961 0.16976981 0.12387125],0.0024752620903388005,0
305,[0.22271764 0.26283794 0.01994658 0.20078961 0.16976981 0.12387125],0.0024752620903388005,0
306,[0.22271764 0.26283794 0.01994658 0.20078961 0.16976981 0.12387125],0.0024752620903388005,0
307,[0.22271764 0.26283794 0.01994658 0.20078961 0.16976981 0.12387125],0.0024752620903388005,0
308,[0.22271764 0.26283794 0.01994658 0.20078961 0.16976981 0.12387125],0.0024752620903388005,0
309,[0.22271764 0.26283794 0.01994658 0.20078961 0.16976981 0.12387125],0.0024752620903388005,0
310,[0.22271764 0.26283794 0.01994658 0.20078961 0.16976981 0.12387125],0.0024752620903388005,0
311,[0.22271764 0.26283794 0.01994658 0.20078961 0.16976981 0.12387125],0.0024752620903388005,0
312,[0.22271764 0.26283794 0.01994658 0.20078961 0.16976981 0.12387125],0.0024752620903388005,0
313,[0.22271764 0.26283794 0.01994658 0.20078961 0.16976981 0.12387125],0.0024752620903388005,0
314,[0.22271764 0.26283794 0.01994658 0.20078961 0.16976981 0.12387125],0.0024752620903388005,0
315,[0.22271764 0.26283794 0.01994658 0.20078961 0.16976981 0.12387125],0.0024752620903388005,0
316,[0.22271764 0.26283794 0.01994658 0.20078961 0.16976981 0.12387125],0.0024752620903388005,0
317,[0.22271764 0.26283794 0.01994658 0.20078961 0.16976981 0.12387125],0.0024752620903388005,0
318,[0.22271764 0.26283794 0.01994658 0.20078961 0.16976981 0.12387125],0.0024752620903388005,0
319,[0.22271764 0.26283794 0.01994658 0.20078961 0.16976981 0.12387125],0.0024752620903388005,0
320,[0.22271764 0.26283794 0.01994658 0.20078961 0.16976981 0.12387125],0.0024752620903388005,0
321,[0.22271764 0.26283794 0.01994658 0.20078961 0.16976981 0.12387125],0.0024752620903388005,0
322,[0.22271764 0.26283794 0.01994658 0.20078961 0.16976981 0.12387125],0.0024752620903388005,0
323,[0.22271764 0.26283794 0.01994658 0.20078961 0.16976981 0.12387125],0.0024752620903388005,0
324,[0.22271764 0.26283794 0.01994658 0.20078961 0.16976981 0.12387125],0.0024752620903388005,0
325,[0.22271764 0.26283794 0.01994658 0.20078961 0.16976981 0.12387125],0.0024752620903388005,0
326,[0.22271764 0.26283794 0.01994658 0.20078961 0.16976981 0.12387125],0.0024752620903388005,0
327,[0.22271764 0.26283794 0.01994658 0.20078961 0.16976981 0.12387125],0.0024752620903388005,0
328,[0.22271764 0.26283794 0.01994658 0.20078961 0.16976981 0.12387125],0.0024752620903388005,0
329,[0.22271764 0.26283794 0.01994658 0.20078961 0.16976981 0.12387125],0.0024752620903388005,0
330,[0.22271764 0.26283794 0.01994658 0.20078961 0.16976981 0.12387125],0.0024752620903388005,0
331,[0.22271764 0.26283794 0.01994658 0.20078961 0.16976981 0.12387125],0.0024752620903388005,0
332,[0.22271764 0.26283794 0.01994658 0.20078961 0.16976981 0.12387125],0.0024752620903388005,0
333,[0.22271764 0.26283794 0.01994658 0.20078961 0.16976981 0.12387125],0.0024752620903388005,0
334,[0.22271764 0.26283794 0.01994658 0.20078961 0.16976981 0.12387125],0.0024752620903388005,0
335,[0.22271764 0.26283794 0.01994658 0.20078961 0.16976981 0.12387125],0.0024752620903388005,0
336,[0.22271764 0.26283794 0.01994658 0.20078961 0.16976981 0.12387125],0.0024752620903388005,0
337,[0.22271764 0.26283794 0.01994658 0.20078961 0.16976981 0.12387125],0.0024752620903388005,0
338,[0.22271764 0.26283794 0.01994658 0.20078961 0.16976981 0.12387125],0.0024752620903388005,0
339,[0.22271764 0.26283794 0.01994658 0.20078961 0.16976981 0.12387125],0.0024752620903388005,0
340,[0.22271764 0.26283794 0.01994658 0.20078961 0.16976981 0.12387125],0.0024752620903388005,0
341,[0.22271764 0.26283794 0.01994658 0.20078961 0.16976981 0.12387125],0.0024752620903388005,0
342,[0.22271764 0.26283794 0.01994658 0.20078961 0.16976981 0.12387125],0.0024752620903388005,0
343,[0.22271764 0.26283794 0.01994658 0.20078961 0.16976981 0.12387125],0.0024752620903388005,0
344,[0.22271764 0.26283794 0.01994658 0.20078961 0.16976981 0.12387125],0.0024752620903388005,0
345,[0.22271764 0.26283794 0.01994658 0.20078961 0.16976981 0.12387125],0.0024752620903388005,0
346,[0.22271764 0.26283794 0.01994658 0.20078961 0.16976981 0.12387125],0.0024752620903388005,0
347,[0.22271764 0.26283794 0.01994658 0.20078961 0.16976981 0.12387125],0.0024752620903388005,0
348,[0.22271764 0.26283794 0.01994658 0.20078961 0.16976981 0.12387125],0.0024752620903388005,0
349,[0.22271764 0.26283794 0.01994658 0.20078961 0.16976981 0.12387125],0.0024752620903388005,0
350,[0.22271764 0.26283794 0.01994658 0.20078961 0.16976981 0.12387125],0.0024752620903388005,0
351,[0.22271764 0.26283794 0.01994658 0.20078961 0.16976981 0.12387125],0.0024752620903388005,0
352,[0.22271764 0.26283794 0.01994658 0.20078961 0.16976981 0.12387125],0.0024752620903388005,0
353,[0.22271764 0.26283794 0.01994658 0.20078961 0.16976981 0.12387125],0.0024752620903388005,0
354,[0.22271764 0.26283794 0.01994658 0.20078961 0.16976981 0.12387125],0.0024752620903388005,0
355,[0.22271764 0.26283794 0.01994658 0.20078961 0.16976981 0.12387125],0.0024752620903388005,0
356,[0.22271764 0.26283794 0.01994658 0.20078961 0.16976981 0.12387125],0.0024752620903388005,0
357,[0.22271764 0.26283794 0.01994658 0.20078961 0.16976981 0.12387125],0.0024752620903388005,0
358,[0.22271764 0.26283794 0.01994658 0.20078961 0.16976981 0.12387125],0.0024752620903388005,0
359,[0.22271764 0.26283794 0.01994658 0.20078961 0.16976981 0.12387125],0.0024752620903388005,0
360,[0.22271764 0.26283794 0.01994658 0.20078961 0.16976981 0.12387125],0.0024752620903388005,0
361,[0.22271764 0.26283794 0.01994658 0.20078961 0.16976981 0.12387125],0.0024752620903388005,0
362,[0.22271764 0.26283794 0.01994658 0.20078961 0.16976981 0.12387125],0.0024752620903388005,0
363,[0.22271764 0.26283794 0.01994658 0.20078961 0.16976981 0.12387125],0.0024752620903388005,0
364,[0.22271764 0.26283794 0.01994658 0.20078961 0.16976981 0.12387125],0.0024752620903388005,0
365,[0.22271764 0.26283794 0.01994658 0.20078961 0.16976981 0.12387125],0.0024752620903388005,0
366,[0.22271764 0.26283794 0.01994658 0.20078961 0.16976981 0.12387125],0.0024752620903388005,0
367,[0.22271764 0.26283794 0.01994658 0.20078961 0.16976981 0.12387125],0.0024752620903388005,0
368,[0.22271764 0.26283794 0.01994658 0.20078961 0.16976981 0.12387125],0.0024752620903388005,0
369,[0.22271764 0.26283794 0.01994658 0.20078961 0.16976981 0.12387125],0.0024752620903388005,0
370,[0.22271764 0.26283794 0.01994658 0.20078961 0.16976981 0.12387125],0.0024752620903388005,0
371,[0.22271764 0.26283794 0.01994658 0.20078961 0.16976981 0.12387125],0.0024752620903388005,0
372,[0.22271764 0.26283794 0.01994658 0.20078961 0.16976981 0.12387125],0.0024752620903388005,0
373,[0.22271764 0.26283794 0.01994658 0.20078961 0.16976981 0.12387125],0.0024752620903388005,0
374,[0.22271764 0.26283794 0.01994658 0.20078961 0.16976981 0.12387125],0.0024752620903388005,0
375,[0.22271764 0.26283794 0.01994658 0.20078961 0.16976981 0.12387125],0.0024752620903388005,0
376,[0.22271764 0.26283794 0.01994658 0.20078961 0.16976981 0.12387125],0.0024752620903388005,0
377,[0.22271764 0.26283794 0.01994658 0.20078961 0.16976981 0.12387125],0.0024752620903388005,0
378,[0.22271764 0.26283794 0.01994658 0.20078961 0.16976981 0.12387125],0.0024752620903388005,0
379,[0.22271764 0.26283794 0.01994658 0.20078961 0.16976981 0.12387125],0.0024752620903388005,0
380,[0.22271764 0.26283794 0.01994658 0.20078961 0.16976981 0.12387125],0.0024752620903388005,0
381,[0.22271764 0.26283794 0.01994658 0.20078961 0.16976981 0.12387125],0.0024752620903388005,0
382,[0.22271764 0.26283794 0.01994658 0.20078961 0.16976981 0.12387125],0.0024752620903388005,0
383,[0.22271764 0.26283794 0.01994658 0.20078961 0.16976981 0.12387125],0.0024752620903388005,0
384,[0.22271764 0.26283794 0.01994658 0.20078961 0.16976981 0.12387125],0.0024752620903388005,0
385,[0.22271764 0.26283794 0.01994658 0.20078961 0.16976981 0.12387125],0.0024752620903388005,0
386,[0.22271764 0.26283794 0.01994658 0.20078961 0.16976981 0.12387125],0.0024752620903388005,0
387,[0.22271764 0.26283794 0.01994658 0.20078961 0.16976981 0.12387125],0.0024752620903388005,0
388,[0.22271764 0.26283794 0.01994658 0.20078961 0.16976981 0.12387125],0.0024752620903388005,0
389,[0.22271764 0.26283794 0.01994658 0.20078961 0.16976981 0.12387125],0.0024752620903388005,0
390,[0.22271764 0.26283794 0.01994658 0.20078961 0.16976981 0.12387125],0.0024752620903388005,0
391,[0.22271764 0.26283794 0.01994658 0.20078961 0.16976981 0.12387125],0.0024752620903388005,0
392,[0.22271764 0.26283794 0.01994658 0.20078961 0.16976981 0.12387125],0.0024752620903388005,0
393,[0.22271764 0.26283794 0.01994658 0.20078961 0.16976981 0.12387125],0.0024752620903388005,0
394,[0.22271764 0.26283794 0.01994658 0.20078961 0.16976981 0.12387125],0.0024752620903388005,0
395,[0.22271764 0.26283794 0.01994658 0.20078961 0.16976981 0.12387125],0.0024752620903388005,0
396,[0.22271764 0.26283794 0.01994658 0.20078961 0.16976981 0.12387125],0.0024752620903388005,0
397,[0.22271764 0.26283794 0.01994658 0.20078961 0.16976981 0.12387125],0.0024752620903388005,0
398,[0.22271764 0.26283794 0.01994658 0.20078961 0.16976981 0.12387125],0.0024752620903388005,0
399,[0.22271764 0.26283794 0.01994658 0.20078961 0.16976981 0.12387125],0.0024752620903388005,0
400,[0.22271764 0.26283794 0.01994658 0.20078961 0.16976981 0.12387125],0.0024752620903388005,0
401,[0.22271764 0.26283794 0.01994658 0.20078961 0.16976981 0.12387125],0.0024752620903388005,0
402,[0.22271764 0.26283794 0.01994658 0.20078961 0.16976981 0.12387125],0.0024752620903388005,0
403,[0.22271764 0.26283794 0.01994658 0.20078961 0.16976981 0.12387125],0.0024752620903388005,0
404,[0.22271764 0.26283794 0.01994658 0.20078961 0.16976981 0.12387125],0.0024752620903388005,0
405,[0.22271764 0.26283794 0.01994658 0.20078961 0.16976981 0.12387125],0.0024752620903388005,0
406,[0.22271764 0.26283794 0.01994658 0.20078961 0.16976981 0.12387125],0.0024752620903388005,0
407,[0.22271764 0.26283794 0.01994658 0.20078961 0.16976981 0.12387125],0.0024752620903388005,0
408,[0.22271764 0.26283794 0.01994658 0.20078961 0.16976981 0.12387125],0.0024752620903388005,0
409,[0.22271764 0.26283794 0.01994658 0.20078961 0.16976981 0.12387125],0.0024752620903388005,0
410,[0.22271764 0.26283794 0.01994658 0.20078961 0.16976981 0.12387125],0.0024752620903388005,0
411,[0.22271764 0.26283794 0.01994658 0.20078961 0.16976981 0.12387125],0.0024752620903388005,0
412,[0.22271764 0.26283794 0.01994658 0.20078961 0.16976981 0.12387125],0.0024752620903388005,0
413,[0.22271764 0.26283794 0.01994658 0.20078961 0.16976981 0.12387125],0.0024752620903388005,0
414,[0.22271764 0.26283794 0.01994658 0.20078961 0.16976981 0.12387125],0.0024752620903388005,0
415,[0.22271764 0.26283794 0.01994658 0.20078961 0.16976981 0.12387125],0.0024752620903388005,0
416,[0.22271764 0.26283794 0.01994658 0.20078961 0.16976981 0.12387125],0.0024752620903388005,0
417,[0.22271764 0.26283794 0.01994658 0.20078961 0.16976981 0.12387125],0.0024752620903388005,0
418,[0.22271764 0.26283794 0.01994658 0.20078961 0.16976981 0.12387125],0.0024752620903388005,0
419,[0.22271764 0.26283794 0.01994658 0.20078961 0.16976981 0.12387125],0.0024752620903388005,0
420,[0.22271764 0.26283794 0.01994658 0.20078961 0.16976981 0.12387125],0.0024752620903388005,0
421,[0.22271764 0.26283794 0.01994658 0.20078961 0.16976981 0.12387125],0.0024752620903388005,0
422,[0.22271764 0.26283794 0.01994658 0.20078961 0.16976981 0.12387125],0.0024752620903388005,0
423,[0.22271764 0.26283794 0.01994658 0.20078961 0.16976981 0.12387125],0.0024752620903388005,0
424,[0.22271764 0.26283794 0.01994658 0.20078961 0.16976981 0.12387125],0.0024752620903388005,0
425,[0.22271764 0.26283794 0.01994658 0.20078961 0.16976981 0.12387125],0.0024752620903388005,0
426,[0.22271764 0.26283794 0.01994658 0.20078961 0.16976981 0.12387125],0.0024752620903388005,0
427,[0.22271764 0.26283794 0.01994658 0.20078961 0.16976981 0.12387125],0.0024752620903388005,0
428,[0.22271764 0.26283794 0.01994658 0.20078961 0.16976981 0.12387125],0.0024752620903388005,0
429,[0.22271764 0.26283794 0.01994658 0.20078961 0.16976981 0.12387125],0.0024752620903388005,0
430,[0.22271764 0.26283794 0.01994658 0.20078961 0.16976981 0.12387125],0.0024752620903388005,0
431,[0.22271764 0.26283794 0.01994658 0.20078961 0.16976981 0.12387125],0.0024752620903388005,0
432,[0.22271764 0.26283794 0.01994658 0.20078961 0.16976981 0.12387125],0.0024752620903388005,0
433,[0.22271764 0.26283794 0.01994658 0.20078961 0.16976981 0.12387125],0.0024752620903388005,0
434,[0.22271764 0.26283794 0.01994658 0.20078961 0.16976981 0.12387125],0.0024752620903388005,0
435,[0.22271764 0.26283794 0.01994658 0.20078961 0.16976981 0.12387125],0.0024752620903388005,0
436,[0.22271764 0.26283794 0.01994658 0.20078961 0.16976981 0.12387125],0.0024752620903388005,0
437,[0.22271764 0.26283794 0.01994658 0.20078961 0.16976981 0.12387125],0.0024752620903388005,0
438,[0.22271764 0.26283794 0.01994658 0.20078961 0.16976981 0.12387125],0.0024752620903388005,0
439,[0.22271764 0.26283794 0.01994658 0.20078961 0.16976981 0.12387125],0.0024752620903388005,0
440,[0.22271764 0.26283794 0.01994658 0.20078961 0.16976981 0.12387125],0.0024752620903388005,0
441,[0.22271764 0.26283794 0.01994658 0.20078961 0.16976981 0.12387125],0.0024752620903388005,0
442,[0.22271764 0.26283794 0.01994658 0.20078961 0.16976981 0.12387125],0.0024752620903388005,0
443,[0.22271764 0.26283794 0.01994658 0.20078961 0.16976981 0.12387125],0.0024752620903388005,0
444,[0.22271764 0.26283794 0.01994658 0.20078961 0.16976981 0.12387125],0.0024752620903388005,0
445,[0.22271764 0.26283794 0.01994658 0.20078961 0.16976981 0.12387125],0.0024752620903388005,0
446,[0.25570441 0.25822889 0.01596523 0.19335382 0.16652466 0.10939153],0.0023022234573920153,0
447,[0.25570441 0.25822889 0.01596523 0.19335382 0.16652466 0.10939153],0.0023022234573920153,0
448,[0.25570441 0.25822889 0.01596523 0.19335382 0.16652466 0.10939153],0.0023022234573920153,0
449,[0.25570441 0.25822889 0.01596523 0.19335382 0.16652466 0.10939153],0.0023022234573920153,0
450,[0.25570441 0.25822889 0.01596523 0.19335382 0.16652466 0.10939153],0.0023022234573920153,0
451,[0.25570441 0.25822889 0.01596523 0.19335382 0.16652466 0.10939153],0.0023022234573920153,0
452,[0.25570441 0.25822889 0.01596523 0.19335382 0.16652466 0.10939153],0.0023022234573920153,0
453,[0.25570441 0.25822889 0.01596523 0.19335382 0.16652466 0.10939153],0.0023022234573920153,0
454,[0.25570441 0.25822889 0.01596523 0.19335382 0.16652466 0.10939153],0.0023022234573920153,0
455,[0.25570441 0.25822889 0.01596523 0.19335382 0.16652466 0.10939153],0.0023022234573920153,0
456,[0.25570441 0.25822889 0.01596523 0.19335382 0.16652466 0.10939153],0.0023022234573920153,0
457,[0.25570441 0.25822889 0.01596523 0.19335382 0.16652466 0.10939153],0.0023022234573920153,0
458,[0.25570441 0.25822889 0.01596523 0.19335382 0.16652466 0.10939153],0.0023022234573920153,0
459,[0.25570441 0.25822889 0.01596523 0.19335382 0.16652466 0.10939153],0.0023022234573920153,0
460,[0.25570441 0.25822889 0.01596523 0.19335382 0.16652466 0.10939153],0.0023022234573920153,0
461,[0.25570441 0.25822889 0.01596523 0.19335382 0.16652466 0.10939153],0.0023022234573920153,0
462,[0.25570441 0.25822889 0.01596523 0.19335382 0.16652466 0.10939153],0.0023022234573920153,0
463,[0.25570441 0.25822889 0.01596523 0.19335382 0.16652466 0.10939153],0.0023022234573920153,0
464,[0.25570441 0.25822889 0.01596523 0.19335382 0.16652466 0.10939153],0.0023022234573920153,0
465,[0.25570441 0.25822889 0.01596523 0.19335382 0.16652466 0.10939153],0.0023022234573920153,0
466,[0.25570441 0.25822889 0.01596523 0.19335382 0.16652466 0.10939153],0.0023022234573920153,0
467,[0.25570441 0.25822889 0.01596523 0.19335382 0.16652466 0.10939153],0.0023022234573920153,0
468,[0.25570441 0.25822889 0.01596523 0.19335382 0.16652466 0.10939153],0.0023022234573920153,0
469,[0.25570441 0.25822889 0.01596523 0.19335382 0.16652466 0.10939153],0.0023022234573920153,0
470,[0.25570441 0.25822889 0.01596523 0.19335382 0.16652466 0.10939153],0.0023022234573920153,0
471,[0.25570441 0.25822889 0.01596523 0.19335382 0.16652466 0.10939153],0.0023022234573920153,0
472,[0.25570441 0.25822889 0.01596523 0.19335382 0.16652466 0.10939153],0.0023022234573920153,0
473,[0.25570441 0.25822889 0.01596523 0.19335382 0.16652466 0.10939153],0.0023022234573920153,0
474,[0.25570441 0.25822889 0.01596523 0.19335382 0.16652466 0.10939153],0.0023022234573920153,0
475,[0.25570441 0.25822889 0.01596523 0.19335382 0.16652466 0.10939153],0.0023022234573920153,0
476,[0.25570441 0.25822889 0.01596523 0.19335382 0.16652466 0.10939153],0.0023022234573920153,0
477,[0.25570441 0.25822889 0.01596523 0.19335382 0.16652466 0.10939153],0.0023022234573920153,0
478,[0.25570441 0.25822889 0.01596523 0.19335382 0.16652466 0.10939153],0.0023022234573920153,0
479,[0.25570441 0.25822889 0.01596523 0.19335382 0.16652466 0.10939153],0.0023022234573920153,0
480,[0.25570441 0.25822889 0.01596523 0.19335382 0.16652466 0.10939153],0.0023022234573920153,0
481,[0.25570441 0.25822889 0.01596523 0.19335382 0.16652466 0.10939153],0.0023022234573920153,0
482,[0.25570441 0.25822889 0.01596523 0.19335382 0.16652466 0.10939153],0.0023022234573920153,0
483,[0.25570441 0.25822889 0.01596523 0.19335382 0.16652466 0.10939153],0.0023022234573920153,0
484,[0.25570441 0.25822889 0.01596523 0.19335382 0.16652466 0.10939153],0.0023022234573920153,0
485,[0.25570441 0.25822889 0.01596523 0.19335382 0.16652466 0.10939153],0.0023022234573920153,0
486,[0.25570441 0.25822889 0.01596523 0.19335382 0.16652466 0.10939153],0.0023022234573920153,0
487,[0.25570441 0.25822889 0.01596523 0.19335382 0.16652466 0.10939153],0.0023022234573920153,0
488,[0.25570441 0.25822889 0.01596523 0.19335382 0.16652466 0.10939153],0.0023022234573920153,0
489,[0.25570441 0.25822889 0.01596523 0.19335382 0.16652466 0.10939153],0.0023022234573920153,0
490,[0.25570441 0.25822889 0.01596523 0.19335382 0.16652466 0.10939153],0.0023022234573920153,0
491,[0.25570441 0.25822889 0.01596523 0.19335382 0.16652466 0.10939153],0.0023022234573920153,0
492,[0.25570441 0.25822889 0.01596523 0.19335382 0.16652466 0.10939153],0.0023022234573920153,0
493,[0.25570441 0.25822889 0.01596523 0.19335382 0.16652466 0.10939153],0.0023022234573920153,0
494,[0.25570441 0.25822889 0.01596523 0.19335382 0.16652466 0.10939153],0.0023022234573920153,0
495,[0.25570441 0.25822889 0.01596523 0.19335382 0.16652466 0.10939153],0.0023022234573920153,0
496,[0.25570441 0.25822889 0.01596523 0.19335382 0.16652466 0.10939153],0.0023022234573920153,0
497,[0.25570441 0.25822889 0.01596523 0.19335382 0.16652466 0.10939153],0.0023022234573920153,0
498,[0.25570441 0.25822889 0.01596523 0.19335382 0.16652466 0.10939153],0.0023022234573920153,0
499,[0.25570441 0.25822889 0.01596523 0.19335382 0.16652466 0.10939153],0.0023022234573920153,0
500,[0.25570441 0.25822889 0.01596523 0.19335382 0.16652466 0.10939153],0.0023022234573920153,0
501,[0.25570441 0.25822889 0.01596523 0.19335382 0.16652466 0.10939153],0.0023022234573920153,0
502,[0.25570441 0.25822889 0.01596523 0.19335382 0.16652466 0.10939153],0.0023022234573920153,0
503,[0.25570441 0.25822889 0.01596523 0.19335382 0.16652466 0.10939153],0.0023022234573920153,0
504,[0.25570441 0.25822889 0.01596523 0.19335382 0.16652466 0.10939153],0.0023022234573920153,0
505,[0.25570441 0.25822889 0.01596523 0.19335382 0.16652466 0.10939153],0.0023022234573920153,0
506,[0.25570441 0.25822889 0.01636069 0.19335382 0.16652466 0.10939153],0.0022639629830899124,0
507,[0.25570441 0.25822889 0.01636069 0.19335382 0.16652466 0.10939153],0.0022639629830899124,0
508,[0.25570441 0.25822889 0.01636069 0.19335382 0.16652466 0.10939153],0.0022639629830899124,0
509,[0.25570441 0.25822889 0.01636069 0.19335382 0.16652466 0.10939153],0.0022639629830899124,0
510,[0.25570441 0.25822889 0.01636069 0.19335382 0.16652466 0.10939153],0.0022639629830899124,0
511,[0.25570441 0.25822889 0.01636069 0.19335382 0.16652466 0.10939153],0.0022639629830899124,0
512,[0.25570441 0.25822889 0.01636069 0.19335382 0.16652466 0.10939153],0.0022639629830899124,0
513,[0.25570441 0.25822889 0.01636069 0.19335382 0.16652466 0.10939153],0.0022639629830899124,0
514,[0.25570441 0.25822889 0.01636069 0.19335382 0.16652466 0.10939153],0.0022639629830899124,0
515,[0.25570441 0.25822889 0.01636069 0.19335382 0.16652466 0.10939153],0.0022639629830899124,0
516,[0.25570441 0.25822889 0.01636069 0.19335382 0.16652466 0.10939153],0.0022639629830899124,0
517,[0.25570441 0.25822889 0.01636069 0.19335382 0.16652466 0.10939153],0.0022639629830899124,0
518,[0.25570441 0.25822889 0.01636069 0.19335382 0.16652466 0.10939153],0.0022639629830899124,0
519,[0.25570441 0.25822889 0.01636069 0.19335382 0.16652466 0.10939153],0.0022639629830899124,0
520,[0.25570441 0.25822889 0.01636069 0.19335382 0.16652466 0.10939153],0.0022639629830899124,0
521,[0.25570441 0.25822889 0.01636069 0.19335382 0.16652466 0.10939153],0.0022639629830899124,0
522,[0.25570441 0.25822889 0.01636069 0.19335382 0.16652466 0.10939153],0.0022639629830899124,0
523,[0.25570441 0.25822889 0.01636069 0.19335382 0.16652466 0.10939153],0.0022639629830899124,0
524,[0.25570441 0.25822889 0.01636069 0.19335382 0.16652466 0.10939153],0.0022639629830899124,0
525,[0.25570441 0.25822889 0.01636069 0.19335382 0.16652466 0.10939153],0.0022639629830899124,0
526,[0.25570441 0.25822889 0.01636069 0.19335382 0.16652466 0.10939153],0.0022639629830899124,0
527,[0.25570441 0.25822889 0.01636069 0.19335382 0.16652466 0.10939153],0.0022639629830899124,0
528,[0.25570441 0.25822889 0.01636069 0.19335382 0.16652466 0.10939153],0.0022639629830899124,0
529,[0.25570441 0.25822889 0.01636069 0.19335382 0.16652466 0.10939153],0.0022639629830899124,0
530,[0.25570441 0.25822889 0.01636069 0.19335382 0.16652466 0.10939153],0.0022639629830899124,0
531,[0.25570441 0.25822889 0.01636069 0.19335382 0.16652466 0.10939153],0.0022639629830899124,0
532,[0.25570441 0.25822889 0.01636069 0.19335382 0.16652466 0.10939153],0.0022639629830899124,0
533,[0.25570441 0.25822889 0.01636069 0.19335382 0.16652466 0.10939153],0.0022639629830899124,0
534,[0.25570441 0.25822889 0.01636069 0.19335382 0.16652466 0.10939153],0.0022639629830899124,0
535,[0.25570441 0.25822889 0.01636069 0.19335382 0.16652466 0.10939153],0.0022639629830899124,0
536,[0.25570441 0.25822889 0.01636069 0.19335382 0.16652466 0.10939153],0.0022639629830899124,0
537,[0.25570441 0.25822889 0.01636069 0.19335382 0.16652466 0.10939153],0.0022639629830899124,0
538,[0.25570441 0.25822889 0.01636069 0.19335382 0.16652466 0.10939153],0.0022639629830899124,0
539,[0.25570441 0.25822889 0.01636069 0.19335382 0.16652466 0.10939153],0.0022639629830899124,0
540,[0.25570441 0.25822889 0.01636069 0.19335382 0.16652466 0.10939153],0.0022639629830899124,0
541,[0.25570441 0.25822889 0.01636069 0.19335382 0.16652466 0.10939153],0.0022639629830899124,0
542,[0.25570441 0.25822889 0.01636069 0.19335382 0.16652466 0.10939153],0.0022639629830899124,0
543,[0.25570441 0.25822889 0.01636069 0.19335382 0.16652466 0.10939153],0.0022639629830899124,0
544,[0.25570441 0.25822889 0.01636069 0.19335382 0.16652466 0.10939153],0.0022639629830899124,0
545,[0.25570441 0.25822889 0.01636069 0.19335382 0.16652466 0.10939153],0.0022639629830899124,0
546,[0.25570441 0.25822889 0.01636069 0.19335382 0.16652466 0.10939153],0.0022639629830899124,0
547,[0.25570441 0.25822889 0.01636069 0.19335382 0.16652466 0.10939153],0.0022639629830899124,0
548,[0.25570441 0.25822889 0.01636069 0.19335382 0.16652466 0.10939153],0.0022639629830899124,0
549,[0.25570441 0.25822889 0.01636069 0.19335382 0.16652466 0.10939153],0.0022639629830899124,0
550,[0.25570441 0.25822889 0.01636069 0.19335382 0.16652466 0.10939153],0.0022639629830899124,0
551,[0.25570441 0.25822889 0.01636069 0.19335382 0.16652466 0.10939153],0.0022639629830899124,0
552,[0.25570441 0.25822889 0.01636069 0.19335382 0.16652466 0.10939153],0.0022639629830899124,0
553,[0.25570441 0.25822889 0.01636069 0.19335382 0.16652466 0.10939153],0.0022639629830899124,0
554,[0.25570441 0.25822889 0.01636069 0.19335382 0.16652466 0.10939153],0.0022639629830899124,0
555,[0.25570441 0.25822889 0.01636069 0.19335382 0.16652466 0.10939153],0.0022639629830899124,0
556,[0.25570441 0.25822889 0.01636069 0.19335382 0.16652466 0.10939153],0.0022639629830899124,0
557,[0.25570441 0.25822889 0.01636069 0.19335382 0.16652466 0.10939153],0.0022639629830899124,0
558,[0.25570441 0.25822889 0.01636069 0.19335382 0.16652466 0.10939153],0.0022639629830899124,0
559,[0.25570441 0.25822889 0.01636069 0.19335382 0.16652466 0.10939153],0.0022639629830899124,0
560,[0.25570441 0.25822889 0.01636069 0.19335382 0.16652466 0.10939153],0.0022639629830899124,0
561,[0.25570441 0.25822889 0.01636069 0.19335382 0.16652466 0.10939153],0.0022639629830899124,0
562,[0.25570441 0.25822889 0.01636069 0.19335382 0.16652466 0.10939153],0.0022639629830899124,0
563,[0.25570441 0.25822889 0.01636069 0.19335382 0.16652466 0.10939153],0.0022639629830899124,0
564,[0.25570441 0.25822889 0.01636069 0.19335382 0.16652466 0.10939153],0.0022639629830899124,0
565,[0.25570441 0.25822889 0.01636069 0.19335382 0.16652466 0.10939153],0.0022639629830899124,0
566,[0.25570441 0.25822889 0.01636069 0.19335382 0.16652466 0.10939153],0.0022639629830899124,0
567,[0.25570441 0.25822889 0.01636069 0.19335382 0.16652466 0.10939153],0.0022639629830899124,0
568,[0.25570441 0.25822889 0.01636069 0.19335382 0.16652466 0.10939153],0.0022639629830899124,0
569,[0.25570441 0.25822889 0.01636069 0.19335382 0.16652466 0.10939153],0.0022639629830899124,0
570,[0.25570441 0.25822889 0.01636069 0.19335382 0.16652466 0.10939153],0.0022639629830899124,0
571,[0.25570441 0.25822889 0.01636069 0.19335382 0.16652466 0.10939153],0.0022639629830899124,0
572,[0.25570441 0.25822889 0.01636069 0.19335382 0.16652466 0.10939153],0.0022639629830899124,0
573,[0.25570441 0.25822889 0.01636069 0.19335382 0.16652466 0.10939153],0.0022639629830899124,0
574,[0.25570441 0.25822889 0.01636069 0.19335382 0.16652466 0.10939153],0.0022639629830899124,0
575,[0.25570441 0.25822889 0.01636069 0.19335382 0.16652466 0.10939153],0.0022639629830899124,0
576,[0.25570441 0.25822889 0.01636069 0.19335382 0.16652466 0.10939153],0.0022639629830899124,0
577,[0.25570441 0.25822889 0.01636069 0.19335382 0.16652466 0.10939153],0.0022639629830899124,0
578,[0.25570441 0.25822889 0.01636069 0.19335382 0.16652466 0.10939153],0.0022639629830899124,0
579,[0.25570441 0.25822889 0.01636069 0.19335382 0.16652466 0.10939153],0.0022639629830899124,0
580,[0.25570441 0.25822889 0.01636069 0.19335382 0.16652466 0.10939153],0.0022639629830899124,0
581,[0.25570441 0.25822889 0.01636069 0.19335382 0.16652466 0.10939153],0.0022639629830899124,0
582,[0.25570441 0.25822889 0.01636069 0.19335382 0.16652466 0.10939153],0.0022639629830899124,0
583,[0.25570441 0.25822889 0.01636069 0.19335382 0.16652466 0.10939153],0.0022639629830899124,0
584,[0.25570441 0.25822889 0.01636069 0.19335382 0.16652466 0.10939153],0.0022639629830899124,0
585,[0.25570441 0.25822889 0.01636069 0.19335382 0.16652466 0.10939153],0.0022639629830899124,0
586,[0.25570441 0.25822889 0.01636069 0.19335382 0.16652466 0.10939153],0.0022639629830899124,0
587,[0.25570441 0.25822889 0.01636069 0.19335382 0.16652466 0.10939153],0.0022639629830899124,0
588,[0.25570441 0.25822889 0.01636069 0.19335382 0.16652466 0.10939153],0.0022639629830899124,0
589,[0.25570441 0.25822889 0.01636069 0.19335382 0.16652466 0.10939153],0.0022639629830899124,0
590,[0.25570441 0.25822889 0.01636069 0.19335382 0.16652466 0.10939153],0.0022639629830899124,0
591,[0.25570441 0.25822889 0.01636069 0.19335382 0.16652466 0.10939153],0.0022639629830899124,0
592,[0.25570441 0.25822889 0.01636069 0.19335382 0.16652466 0.10939153],0.0022639629830899124,0
593,[0.25570441 0.25822889 0.01636069 0.19335382 0.16652466 0.10939153],0.0022639629830899124,0
594,[0.25570441 0.25822889 0.01636069 0.19335382 0.16652466 0.10939153],0.0022639629830899124,0
595,[0.25570441 0.25822889 0.01636069 0.19335382 0.16652466 0.10939153],0.0022639629830899124,0
596,[0.25570441 0.25822889 0.01636069 0.19335382 0.16652466 0.10939153],0.0022639629830899124,0
597,[0.25570441 0.25822889 0.01636069 0.19335382 0.16652466 0.10939153],0.0022639629830899124,0
598,[0.25570441 0.25822889 0.01636069 0.19335382 0.16652466 0.10939153],0.0022639629830899124,0
599,[0.25570441 0.25822889 0.01636069 0.19335382 0.16652466 0.10939153],0.0022639629830899124,0
600,[0.25570441 0.25822889 0.01636069 0.19335382 0.16652466 0.10939153],0.0022639629830899124,0
601,[0.25570441 0.25822889 0.01636069 0.19335382 0.16652466 0.10939153],0.0022639629830899124,0
602,[0.25570441 0.25822889 0.01636069 0.19335382 0.16652466 0.10939153],0.0022639629830899124,0
603,[0.25570441 0.25822889 0.01636069 0.19335382 0.16652466 0.10939153],0.0022639629830899124,0
604,[0.25570441 0.25822889 0.01636069 0.19335382 0.16652466 0.10939153],0.0022639629830899124,0
605,[0.25570441 0.25822889 0.01636069 0.19335382 0.16652466 0.10939153],0.0022639629830899124,0
606,[0.25570441 0.25822889 0.01636069 0.19335382 0.16652466 0.10939153],0.0022639629830899124,0
607,[0.25570441 0.25822889 0.01636069 0.19335382 0.16652466 0.10939153],0.0022639629830899124,0
608,[0.25570441 0.25822889 0.01636069 0.19335382 0.16652466 0.10939153],0.0022639629830899124,0
609,[0.25570441 0.25822889 0.01636069 0.19335382 0.16652466 0.10939153],0.0022639629830899124,0
610,[0.25570441 0.25822889 0.01636069 0.19335382 0.16652466 0.10939153],0.0022639629830899124,0
611,[0.25570441 0.25822889 0.01636069 0.19335382 0.16652466 0.10939153],0.0022639629830899124,0
612,[0.25570441 0.25822889 0.01636069 0.19335382 0.16652466 0.10939153],0.0022639629830899124,0
613,[0.25570441 0.25822889 0.01636069 0.19335382 0.16652466 0.10939153],0.0022639629830899124,0
614,[0.25570441 0.25822889 0.01636069 0.19335382 0.16652466 0.10939153],0.0022639629830899124,0
615,[0.25570441 0.25822889 0.01636069 0.19335382 0.16652466 0.10939153],0.0022639629830899124,0
616,[0.25570441 0.25822889 0.01636069 0.19335382 0.16652466 0.10939153],0.0022639629830899124,0
617,[0.25570441 0.25822889 0.01636069 0.19335382 0.16652466 0.10939153],0.0022639629830899124,0
618,[0.25570441 0.25822889 0.01636069 0.19335382 0.16652466 0.10939153],0.0022639629830899124,0
619,[0.25570441 0.25822889 0.01636069 0.19335382 0.16652466 0.10939153],0.0022639629830899124,0
620,[0.25570441 0.25822889 0.01636069 0.19335382 0.16652466 0.10939153],0.0022639629830899124,0
621,[0.25570441 0.25822889 0.01636069 0.19335382 0.16652466 0.10939153],0.0022639629830899124,0
622,[0.25570441 0.25822889 0.01636069 0.19335382 0.16652466 0.10939153],0.0022639629830899124,0
623,[0.25570441 0.25822889 0.01636069 0.19335382 0.16652466 0.10939153],0.0022639629830899124,0
624,[0.25570441 0.25822889 0.01636069 0.19335382 0.16652466 0.10939153],0.0022639629830899124,0
625,[0.25570441 0.25822889 0.01636069 0.19335382 0.16652466 0.10939153],0.0022639629830899124,0
626,[0.25570441 0.25822889 0.01636069 0.19335382 0.16652466 0.10939153],0.0022639629830899124,0
627,[0.25570441 0.25822889 0.01636069 0.19335382 0.16652466 0.10939153],0.0022639629830899124,0
628,[0.25570441 0.25822889 0.01636069 0.19335382 0.16652466 0.10939153],0.0022639629830899124,0
629,[0.25570441 0.25822889 0.01636069 0.19335382 0.16652466 0.10939153],0.0022639629830899124,0
630,[0.25570441 0.25822889 0.01636069 0.19335382 0.16652466 0.10939153],0.0022639629830899124,0
631,[0.25570441 0.25822889 0.01636069 0.19335382 0.16652466 0.10939153],0.0022639629830899124,0
632,[0.25570441 0.25822889 0.01636069 0.19335382 0.16652466 0.10939153],0.0022639629830899124,0
633,[0.25570441 0.25822889 0.01636069 0.19335382 0.16652466 0.10939153],0.0022639629830899124,0
634,[0.25570441 0.25822889 0.01636069 0.19335382 0.16652466 0.10939153],0.0022639629830899124,0
635,[0.25570441 0.25822889 0.01636069 0.19335382 0.16652466 0.10939153],0.0022639629830899124,0
636,[0.25570441 0.25822889 0.01636069 0.19335382 0.16652466 0.10939153],0.0022639629830899124,0
637,[0.25570441 0.25822889 0.01636069 0.19335382 0.16652466 0.10939153],0.0022639629830899124,0
638,[0.25570441 0.25822889 0.01636069 0.19335382 0.16652466 0.10939153],0.0022639629830899124,0
639,[0.25570441 0.25822889 0.01636069 0.19335382 0.16652466 0.10939153],0.0022639629830899124,0
640,[0.25570441 0.25822889 0.01636069 0.19335382 0.16652466 0.10939153],0.0022639629830899124,0
641,[0.25570441 0.25822889 0.01636069 0.19335382 0.16652466 0.10939153],0.0022639629830899124,0
642,[0.25570441 0.25822889 0.01636069 0.19335382 0.16652466 0.10939153],0.0022639629830899124,0
643,[0.25570441 0.25822889 0.01636069 0.19335382 0.16652466 0.10939153],0.0022639629830899124,0
644,[0.25570441 0.25822889 0.01636069 0.19335382 0.16652466 0.10939153],0.0022639629830899124,0
645,[0.25570441 0.25822889 0.01636069 0.19335382 0.16652466 0.10939153],0.0022639629830899124,0
646,[0.25570441 0.25822889 0.01636069 0.19335382 0.16652466 0.10939153],0.0022639629830899124,0
647,[0.25570441 0.25822889 0.01636069 0.19335382 0.16652466 0.10939153],0.0022639629830899124,0
648,[0.25570441 0.25822889 0.01636069 0.19335382 0.16652466 0.10939153],0.0022639629830899124,0
649,[0.25570441 0.25822889 0.01636069 0.19335382 0.16652466 0.10939153],0.0022639629830899124,0
650,[0.25570441 0.25822889 0.01636069 0.19335382 0.16652466 0.10939153],0.0022639629830899124,0
651,[0.25570441 0.25822889 0.01636069 0.19335382 0.16652466 0.10939153],0.0022639629830899124,0
652,[0.25570441 0.25822889 0.01636069 0.19335382 0.16652466 0.10939153],0.0022639629830899124,0
653,[0.25570441 0.25822889 0.01636069 0.19335382 0.16652466 0.10939153],0.0022639629830899124,0
654,[0.25570441 0.25822889 0.01636069 0.19335382 0.16652466 0.10939153],0.0022639629830899124,0
655,[0.25570441 0.25822889 0.01636069 0.19335382 0.16652466 0.10939153],0.0022639629830899124,0
656,[0.25570441 0.25822889 0.01636069 0.19335382 0.16652466 0.10939153],0.0022639629830899124,0
657,[0.25570441 0.25822889 0.01636069 0.19335382 0.16652466 0.10939153],0.0022639629830899124,0
658,[0.25570441 0.25822889 0.01636069 0.19335382 0.16652466 0.10939153],0.0022639629830899124,0
659,[0.25570441 0.25822889 0.01636069 0.19335382 0.16652466 0.10939153],0.0022639629830899124,0
660,[0.25570441 0.25822889 0.01636069 0.19335382 0.16652466 0.10939153],0.0022639629830899124,0
661,[0.25570441 0.25822889 0.01636069 0.19335382 0.16652466 0.10939153],0.0022639629830899124,0
662,[0.25570441 0.25822889 0.01636069 0.19335382 0.16652466 0.10939153],0.0022639629830899124,0
663,[0.25570441 0.25822889 0.01636069 0.19335382 0.16652466 0.10939153],0.0022639629830899124,0
664,[0.25570441 0.25822889 0.01636069 0.19335382 0.16652466 0.10939153],0.0022639629830899124,0
665,[0.25570441 0.25822889 0.01636069 0.19335382 0.16652466 0.10939153],0.0022639629830899124,0
666,[0.25570441 0.25822889 0.01636069 0.19335382 0.16652466 0.10939153],0.0022639629830899124,0
667,[0.25570441 0.25822889 0.01636069 0.19335382 0.16652466 0.10939153],0.0022639629830899124,0
668,[0.25570441 0.25822889 0.01636069 0.19335382 0.16652466 0.10939153],0.0022639629830899124,0
669,[0.25570441 0.25822889 0.01636069 0.19335382 0.16652466 0.10939153],0.0022639629830899124,0
670,[0.25570441 0.25822889 0.01636069 0.19335382 0.16652466 0.10939153],0.0022639629830899124,0
671,[0.25570441 0.25822889 0.01636069 0.19335382 0.16652466 0.10939153],0.0022639629830899124,0
672,[0.25570441 0.25822889 0.01636069 0.19335382 0.16652466 0.10939153],0.0022639629830899124,0
673,[0.25570441 0.25822889 0.01636069 0.19335382 0.16652466 0.10939153],0.0022639629830899124,0
674,[0.25570441 0.25822889 0.01636069 0.19335382 0.16652466 0.10939153],0.0022639629830899124,0
675,[0.25570441 0.25822889 0.01636069 0.19335382 0.16652466 0.10939153],0.0022639629830899124,0
676,[0.25570441 0.25822889 0.01636069 0.19335382 0.16652466 0.10939153],0.0022639629830899124,0
677,[0.25570441 0.25822889 0.01636069 0.19335382 0.16652466 0.10939153],0.0022639629830899124,0
678,[0.25570441 0.25822889 0.01636069 0.19335382 0.16652466 0.10939153],0.0022639629830899124,0
679,[0.25570441 0.25822889 0.01636069 0.19335382 0.16652466 0.10939153],0.0022639629830899124,0
680,[0.25570441 0.25822889 0.01636069 0.19335382 0.16652466 0.10939153],0.0022639629830899124,0
681,[0.25570441 0.25822889 0.01636069 0.19335382 0.16652466 0.10939153],0.0022639629830899124,0
682,[0.25570441 0.25822889 0.01636069 0.19335382 0.16652466 0.10939153],0.0022639629830899124,0
683,[0.25570441 0.25822889 0.01636069 0.19335382 0.16652466 0.10939153],0.0022639629830899124,0
684,[0.25570441 0.25822889 0.01636069 0.19335382 0.16652466 0.10939153],0.0022639629830899124,0
685,[0.25570441 0.25822889 0.01636069 0.19335382 0.16652466 0.10939153],0.0022639629830899124,0
686,[0.25570441 0.25822889 0.01636069 0.19335382 0.16652466 0.10939153],0.0022639629830899124,0
687,[0.25570441 0.25822889 0.01636069 0.19335382 0.16652466 0.10939153],0.0022639629830899124,0
688,[0.25570441 0.25822889 0.01636069 0.19335382 0.16652466 0.10939153],0.0022639629830899124,0
689,[0.25570441 0.25822889 0.01636069 0.19335382 0.16652466 0.10939153],0.0022639629830899124,0
690,[0.25570441 0.25822889 0.01636069 0.19335382 0.16652466 0.10939153],0.0022639629830899124,0
691,[0.25570441 0.25822889 0.01636069 0.19335382 0.16652466 0.10939153],0.0022639629830899124,0
692,[0.25570441 0.25822889 0.01636069 0.19335382 0.16652466 0.10939153],0.0022639629830899124,0
693,[0.25570441 0.25822889 0.01636069 0.19335382 0.16652466 0.10939153],0.0022639629830899124,0
694,[0.25570441 0.25822889 0.01636069 0.19335382 0.16652466 0.10939153],0.0022639629830899124,0
695,[0.25570441 0.25822889 0.01636069 0.19335382 0.16652466 0.10939153],0.0022639629830899124,0
696,[0.25570441 0.25822889 0.01636069 0.19335382 0.16652466 0.10939153],0.0022639629830899124,0
697,[0.25570441 0.25822889 0.01636069 0.19335382 0.16652466 0.10939153],0.0022639629830899124,0
698,[0.25570441 0.25822889 0.01636069 0.19335382 0.16652466 0.10939153],0.0022639629830899124,0
699,[0.25570441 0.25822889 0.01636069 0.19335382 0.16652466 0.10939153],0.0022639629830899124,0
700,[0.25570441 0.25822889 0.01636069 0.19335382 0.16652466 0.10939153],0.0022639629830899124,0
701,[0.25570441 0.25822889 0.01636069 0.19335382 0.16652466 0.10939153],0.0022639629830899124,0
702,[0.25570441 0.25822889 0.01636069 0.19335382 0.16652466 0.10939153],0.0022639629830899124,0
703,[0.25570441 0.25822889 0.01636069 0.19335382 0.16652466 0.10939153],0.0022639629830899124,0
704,[0.25570441 0.25822889 0.01636069 0.19335382 0.16652466 0.10939153],0.0022639629830899124,0
705,[0.25570441 0.25822889 0.01636069 0.19335382 0.16652466 0.10939153],0.0022639629830899124,0
706,[0.25570441 0.25822889 0.01636069 0.19335382 0.16652466 0.10939153],0.0022639629830899124,0
707,[0.25570441 0.25822889 0.01636069 0.19335382 0.16652466 0.10939153],0.0022639629830899124,0
708,[0.25570441 0.25822889 0.01636069 0.19335382 0.16652466 0.10939153],0.0022639629830899124,0
709,[0.25570441 0.25822889 0.01636069 0.19335382 0.16652466 0.10939153],0.0022639629830899124,0
710,[0.25570441 0.25822889 0.01636069 0.19335382 0.16652466 0.10939153],0.0022639629830899124,0
711,[0.25570441 0.25822889 0.01636069 0.19335382 0.16652466 0.10939153],0.0022639629830899124,0
712,[0.25570441 0.25822889 0.01636069 0.19335382 0.16652466 0.10939153],0.0022639629830899124,0
713,[0.25570441 0.25822889 0.01636069 0.19335382 0.16652466 0.10939153],0.0022639629830899124,0
714,[0.25570441 0.25822889 0.01636069 0.19335382 0.16652466 0.10939153],0.0022639629830899124,0
715,[0.25570441 0.25822889 0.01636069 0.19335382 0.16652466 0.10939153],0.0022639629830899124,0
716,[0.25570441 0.25822889 0.01636069 0.19335382 0.16652466 0.10939153],0.0022639629830899124,0
717,[0.25570441 0.25822889 0.01636069 0.19335382 0.16652466 0.10939153],0.0022639629830899124,0
718,[0.25570441 0.25822889 0.01636069 0.19335382 0.16652466 0.10939153],0.0022639629830899124,0
719,[0.25570441 0.25822889 0.01636069 0.19335382 0.16652466 0.10939153],0.0022639629830899124,0
720,[0.25570441 0.25822889 0.01636069 0.19335382 0.16652466 0.10939153],0.0022639629830899124,0
721,[0.25570441 0.25822889 0.01636069 0.19335382 0.16652466 0.10939153],0.0022639629830899124,0
722,[0.25570441 0.25822889 0.01636069 0.19335382 0.16652466 0.10939153],0.0022639629830899124,0
723,[0.25570441 0.25822889 0.01636069 0.19335382 0.16652466 0.10939153],0.0022639629830899124,0
724,[0.25570441 0.25822889 0.01636069 0.19335382 0.16652466 0.10939153],0.0022639629830899124,0
725,[0.25570441 0.25822889 0.01636069 0.19335382 0.16652466 0.10939153],0.0022639629830899124,0
726,[0.25570441 0.25822889 0.01636069 0.19335382 0.16652466 0.10939153],0.0022639629830899124,0
727,[0.25570441 0.25822889 0.01636069 0.19335382 0.16652466 0.10939153],0.0022639629830899124,0
728,[0.25570441 0.25822889 0.01636069 0.19335382 0.16652466 0.10939153],0.0022639629830899124,0
729,[0.25570441 0.25822889 0.01636069 0.19335382 0.16652466 0.10939153],0.0022639629830899124,0
730,[0.25570441 0.25822889 0.01636069 0.19335382 0.16652466 0.10939153],0.0022639629830899124,0
731,[0.25570441 0.25822889 0.01636069 0.19335382 0.16652466 0.10939153],0.0022639629830899124,0
732,[0.25570441 0.25822889 0.01636069 0.19335382 0.16652466 0.10939153],0.0022639629830899124,0
733,[0.25570441 0.25822889 0.01636069 0.19335382 0.16652466 0.10939153],0.0022639629830899124,0
734,[0.25570441 0.25822889 0.01636069 0.19335382 0.16652466 0.10939153],0.0022639629830899124,0
735,[0.25570441 0.25822889 0.01636069 0.19335382 0.16652466 0.10939153],0.0022639629830899124,0
736,[0.25570441 0.25822889 0.01636069 0.19335382 0.16652466 0.10939153],0.0022639629830899124,0
737,[0.25570441 0.25822889 0.01636069 0.19335382 0.16652466 0.10939153],0.0022639629830899124,0
738,[0.25570441 0.25822889 0.01636069 0.19335382 0.16652466 0.10939153],0.0022639629830899124,0
739,[0.25570441 0.25822889 0.01636069 0.19335382 0.16652466 0.10939153],0.0022639629830899124,0
740,[0.25570441 0.25822889 0.01636069 0.19335382 0.16652466 0.10939153],0.0022639629830899124,0
741,[0.25570441 0.25822889 0.01636069 0.19335382 0.16652466 0.10939153],0.0022639629830899124,0
742,[0.25570441 0.25822889 0.01636069 0.19335382 0.16652466 0.10939153],0.0022639629830899124,0
743,[0.25570441 0.25822889 0.01636069 0.19335382 0.16652466 0.10939153],0.0022639629830899124,0
744,[0.25570441 0.25822889 0.01636069 0.19335382 0.16652466 0.10939153],0.0022639629830899124,0
745,[0.25570441 0.25822889 0.01636069 0.19335382 0.16652466 0.10939153],0.0022639629830899124,0
746,[0.25570441 0.25822889 0.01636069 0.19335382 0.16652466 0.10939153],0.0022639629830899124,0
747,[0.25570441 0.25822889 0.01636069 0.19335382 0.16652466 0.10939153],0.0022639629830899124,0
748,[0.25570441 0.25822889 0.01636069 0.19335382 0.16652466 0.10939153],0.0022639629830899124,0
749,[0.25570441 0.25822889 0.01636069 0.19335382 0.16652466 0.10939153],0.0022639629830899124,0
750,[0.25570441 0.25822889 0.01636069 0.19335382 0.16652466 0.10939153],0.0022639629830899124,0
751,[0.25570441 0.25822889 0.01636069 0.19335382 0.16652466 0.10939153],0.0022639629830899124,0
752,[0.25570441 0.25822889 0.01636069 0.19335382 0.16652466 0.10939153],0.0022639629830899124,0
753,[0.25570441 0.25822889 0.01636069 0.19335382 0.16652466 0.10939153],0.0022639629830899124,0
754,[0.25570441 0.25822889 0.01636069 0.19335382 0.16652466 0.10939153],0.0022639629830899124,0
755,[0.25570441 0.25822889 0.01636069 0.19335382 0.16652466 0.10939153],0.0022639629830899124,0
756,[0.25570441 0.25822889 0.01636069 0.19335382 0.16652466 0.10939153],0.0022639629830899124,0
757,[0.25570441 0.25822889 0.01636069 0.19335382 0.16652466 0.10939153],0.0022639629830899124,0
758,[0.25570441 0.25822889 0.01636069 0.19335382 0.16652466 0.10939153],0.0022639629830899124,0
759,[0.25570441 0.25822889 0.01636069 0.19335382 0.16652466 0.10939153],0.0022639629830899124,0
760,[0.25570441 0.25822889 0.01636069 0.19335382 0.16652466 0.10939153],0.0022639629830899124,0
761,[0.25570441 0.25822889 0.01636069 0.19335382 0.16652466 0.10939153],0.0022639629830899124,0
762,[0.25570441 0.25822889 0.01636069 0.19335382 0.16652466 0.10939153],0.0022639629830899124,0
763,[0.25570441 0.25822889 0.01636069 0.19335382 0.16652466 0.10939153],0.0022639629830899124,0
764,[0.25331038 0.24428111 0.00576781 0.18399409 0.21815846 0.09587425],0.0019806640583324123,0
765,[0.25331038 0.24428111 0.00576781 0.18399409 0.21815846 0.09587425],0.0019806640583324123,0
766,[0.25331038 0.24428111 0.00576781 0.18399409 0.21815846 0.09587425],0.0019806640583324123,0
767,[0.25331038 0.24428111 0.00576781 0.18399409 0.21815846 0.09587425],0.0019806640583324123,0
768,[0.25331038 0.24428111 0.00576781 0.18399409 0.21815846 0.09587425],0.0019806640583324123,0
769,[0.25331038 0.24428111 0.00576781 0.18399409 0.21815846 0.09587425],0.0019806640583324123,0
770,[0.25331038 0.24428111 0.00576781 0.18399409 0.21815846 0.09587425],0.0019806640583324123,0
771,[0.25331038 0.24428111 0.00576781 0.18399409 0.21815846 0.09587425],0.0019806640583324123,0
772,[0.25331038 0.24428111 0.00576781 0.18399409 0.21815846 0.09587425],0.0019806640583324123,0
773,[0.25331038 0.24428111 0.00576781 0.18399409 0.21815846 0.09587425],0.0019806640583324123,0
774,[0.25331038 0.24428111 0.00576781 0.18399409 0.21815846 0.09587425],0.0019806640583324123,0
775,[0.25331038 0.24428111 0.00576781 0.18399409 0.21815846 0.09587425],0.0019806640583324123,0
776,[0.25331038 0.24428111 0.00576781 0.18399409 0.21815846 0.09587425],0.0019806640583324123,0
777,[0.25331038 0.24428111 0.00576781 0.18399409 0.21815846 0.09587425],0.0019806640583324123,0
778,[0.25331038 0.24428111 0.00576781 0.18399409 0.21815846 0.09587425],0.0019806640583324123,0
779,[0.25331038 0.24428111 0.00576781 0.18399409 0.21815846 0.09587425],0.0019806640583324123,0
780,[0.25331038 0.24428111 0.00576781 0.18399409 0.21815846 0.09587425],0.0019806640583324123,0
781,[0.25331038 0.24428111 0.00576781 0.18399409 0.21815846 0.09587425],0.0019806640583324123,0
782,[0.25331038 0.24428111 0.00576781 0.18399409 0.21815846 0.09587425],0.0019806640583324123,0
783,[0.25331038 0.24428111 0.00576781 0.18399409 0.21815846 0.09587425],0.0019806640583324123,0
784,[0.25331038 0.24428111 0.00576781 0.18399409 0.21815846 0.09587425],0.0019806640583324123,0
785,[0.25331038 0.24428111 0.00576781 0.18399409 0.21815846 0.09587425],0.0019806640583324123,0
786,[0.25331038 0.24428111 0.00576781 0.18399409 0.21815846 0.09587425],0.0019806640583324123,0
787,[0.25331038 0.24428111 0.00576781 0.18399409 0.21815846 0.09587425],0.0019806640583324123,0
788,[0.25331038 0.24428111 0.00576781 0.18399409 0.21815846 0.09587425],0.0019806640583324123,0
789,[0.25331038 0.24428111 0.00576781 0.18399409 0.21815846 0.09587425],0.0019806640583324123,0
790,[0.25331038 0.24428111 0.00576781 0.18399409 0.21815846 0.09587425],0.0019806640583324123,0
791,[0.25331038 0.24428111 0.00576781 0.18399409 0.21815846 0.09587425],0.0019806640583324123,0
792,[0.25331038 0.24428111 0.00576781 0.18399409 0.21815846 0.09587425],0.0019806640583324123,0
793,[0.25331038 0.24428111 0.00576781 0.18399409 0.21815846 0.09587425],0.0019806640583324123,0
794,[0.25331038 0.24428111 0.00576781 0.18399409 0.21815846 0.09587425],0.0019806640583324123,0
795,[0.25331038 0.24428111 0.00576781 0.18399409 0.21815846 0.09587425],0.0019806640583324123,0
796,[0.25331038 0.24428111 0.00576781 0.18399409 0.21815846 0.09587425],0.0019806640583324123,0
797,[0.25331038 0.24428111 0.00576781 0.18399409 0.21815846 0.09587425],0.0019806640583324123,0
798,[0.25331038 0.24428111 0.00576781 0.18399409 0.21815846 0.09587425],0.0019806640583324123,0
799,[0.25331038 0.24428111 0.00576781 0.18399409 0.21815846 0.09587425],0.0019806640583324123,0
800,[0.25331038 0.24428111 0.00576781 0.18399409 0.21815846 0.09587425],0.0019806640583324123,0
801,[0.25331038 0.24428111 0.00576781 0.18399409 0.21815846 0.09587425],0.0019806640583324123,0
802,[0.25331038 0.24428111 0.00576781 0.18399409 0.21815846 0.09587425],0.0019806640583324123,0
803,[0.25331038 0.24428111 0.00576781 0.18399409 0.21815846 0.09587425],0.0019806640583324123,0
804,[0.25331038 0.24428111 0.00576781 0.18399409 0.21815846 0.09587425],0.0019806640583324123,0
805,[0.25331038 0.24428111 0.00576781 0.18399409 0.21815846 0.09587425],0.0019806640583324123,0
806,[0.25331038 0.24428111 0.00576781 0.18399409 0.21815846 0.09587425],0.0019806640583324123,0
807,[0.25331038 0.24428111 0.00576781 0.18399409 0.21815846 0.09587425],0.0019806640583324123,0
808,[0.25331038 0.24428111 0.00576781 0.18399409 0.21815846 0.09587425],0.0019806640583324123,0
809,[0.25331038 0.24428111 0.00576781 0.18399409 0.21815846 0.09587425],0.0019806640583324123,0
810,[0.25331038 0.24428111 0.00576781 0.18399409 0.21815846 0.09587425],0.0019806640583324123,0
811,[0.25331038 0.24428111 0.00576781 0.18399409 0.21815846 0.09587425],0.0019806640583324123,0
812,[0.25331038 0.24428111 0.00576781 0.18399409 0.21815846 0.09587425],0.0019806640583324123,0
813,[0.25331038 0.24428111 0.00576781 0.18399409 0.21815846 0.09587425],0.0019806640583324123,0
814,[0.25331038 0.24428111 0.00576781 0.18399409 0.21815846 0.09587425],0.0019806640583324123,0
815,[0.25331038 0.24428111 0.00576781 0.18399409 0.21815846 0.09587425],0.0019806640583324123,0
816,[0.25331038 0.24428111 0.00576781 0.18399409 0.21815846 0.09587425],0.0019806640583324123,0
817,[0.25331038 0.24428111 0.00576781 0.18399409 0.21815846 0.09587425],0.0019806640583324123,0
818,[0.25331038 0.24428111 0.00576781 0.18399409 0.21815846 0.09587425],0.0019806640583324123,0
819,[0.25331038 0.24428111 0.00576781 0.18399409 0.21815846 0.09587425],0.0019806640583324123,0
820,[0.25331038 0.24428111 0.00576781 0.18399409 0.21815846 0.09587425],0.0019806640583324123,0
821,[0.25331038 0.24428111 0.00576781 0.18399409 0.21815846 0.09587425],0.0019806640583324123,0
822,[0.25331038 0.24428111 0.00576781 0.18399409 0.21815846 0.09587425],0.0019806640583324123,0
823,[0.25331038 0.24428111 0.00576781 0.18399409 0.21815846 0.09587425],0.0019806640583324123,0
824,[0.25331038 0.24428111 0.00576781 0.18399409 0.21815846 0.09587425],0.0019806640583324123,0
825,[0.25331038 0.24428111 0.00576781 0.18399409 0.21815846 0.09587425],0.0019806640583324123,0
826,[0.25331038 0.24428111 0.00576781 0.18399409 0.21815846 0.09587425],0.0019806640583324123,0
827,[0.25331038 0.24428111 0.00576781 0.18399409 0.21815846 0.09587425],0.0019806640583324123,0
828,[0.25331038 0.24428111 0.00576781 0.18399409 0.21815846 0.09587425],0.0019806640583324123,0
829,[0.25331038 0.24428111 0.00576781 0.18399409 0.21815846 0.09587425],0.0019806640583324123,0
830,[0.25331038 0.24428111 0.00576781 0.18399409 0.21815846 0.09587425],0.0019806640583324123,0
831,[0.25331038 0.24428111 0.00576781 0.18399409 0.21815846 0.09587425],0.0019806640583324123,0
832,[0.25331038 0.24428111 0.00576781 0.18399409 0.21815846 0.09587425],0.0019806640583324123,0
833,[0.25331038 0.24428111 0.00576781 0.18399409 0.21815846 0.09587425],0.0019806640583324123,0
834,[0.25331038 0.24428111 0.00576781 0.18399409 0.21815846 0.09587425],0.0019806640583324123,0
835,[0.25331038 0.24428111 0.00576781 0.18399409 0.21815846 0.09587425],0.0019806640583324123,0
836,[0.25331038 0.24428111 0.00576781 0.18399409 0.21815846 0.09587425],0.0019806640583324123,0
837,[0.25331038 0.24428111 0.00576781 0.18399409 0.21815846 0.09587425],0.0019806640583324123,0
838,[0.25331038 0.24428111 0.00576781 0.18399409 0.21815846 0.09587425],0.0019806640583324123,0
839,[0.25331038 0.24428111 0.00576781 0.18399409 0.21815846 0.09587425],0.0019806640583324123,0
840,[0.25331038 0.24428111 0.00576781 0.18399409 0.21815846 0.09587425],0.0019806640583324123,0
841,[0.25331038 0.24428111 0.00576781 0.18399409 0.21815846 0.09587425],0.0019806640583324123,0
842,[0.25331038 0.24428111 0.00576781 0.18399409 0.21815846 0.09587425],0.0019806640583324123,0
843,[0.25331038 0.24428111 0.00576781 0.18399409 0.21815846 0.09587425],0.0019806640583324123,0
844,[0.25331038 0.24428111 0.00576781 0.18399409 0.21815846 0.09587425],0.0019806640583324123,0
845,[0.25331038 0.24428111 0.00576781 0.18399409 0.21815846 0.09587425],0.0019806640583324123,0
846,[0.25331038 0.24428111 0.00576781 0.18399409 0.21815846 0.09587425],0.0019806640583324123,0
847,[0.25331038 0.24428111 0.00576781 0.18399409 0.21815846 0.09587425],0.0019806640583324123,0
848,[0.25331038 0.24428111 0.00576781 0.18399409 0.21815846 0.09587425],0.0019806640583324123,0
849,[0.25331038 0.24428111 0.00576781 0.18399409 0.21815846 0.09587425],0.0019806640583324123,0
850,[0.25331038 0.24428111 0.00576781 0.18399409 0.21815846 0.09587425],0.0019806640583324123,0
851,[0.25331038 0.24428111 0.00576781 0.18399409 0.21815846 0.09587425],0.0019806640583324123,0
852,[0.25331038 0.24428111 0.00576781 0.18399409 0.21815846 0.09587425],0.0019806640583324123,0
853,[0.25331038 0.24428111 0.00576781 0.18399409 0.21815846 0.09587425],0.0019806640583324123,0
854,[0.25331038 0.24428111 0.00576781 0.18399409 0.21815846 0.09587425],0.0019806640583324123,0
855,[0.25331038 0.24428111 0.00576781 0.18399409 0.21815846 0.09587425],0.0019806640583324123,0
856,[0.25331038 0.24428111 0.00576781 0.18399409 0.21815846 0.09587425],0.0019806640583324123,0
857,[0.25331038 0.24428111 0.00576781 0.18399409 0.21815846 0.09587425],0.0019806640583324123,0
858,[0.25331038 0.24428111 0.00576781 0.18399409 0.21815846 0.09587425],0.0019806640583324123,0
859,[0.25331038 0.24428111 0.00576781 0.18399409 0.21815846 0.09587425],0.0019806640583324123,0
860,[0.25331038 0.24428111 0.00576781 0.18399409 0.21815846 0.09587425],0.0019806640583324123,0
861,[0.25331038 0.24428111 0.00576781 0.18399409 0.21815846 0.09587425],0.0019806640583324123,0
862,[0.25331038 0.24428111 0.00576781 0.18399409 0.21815846 0.09587425],0.0019806640583324123,0
863,[0.25331038 0.24428111 0.00576781 0.18399409 0.21815846 0.09587425],0.0019806640583324123,0
864,[0.25331038 0.24428111 0.00576781 0.18399409 0.21815846 0.09587425],0.0019806640583324123,0
865,[0.25331038 0.24428111 0.00576781 0.18399409 0.21815846 0.09587425],0.0019806640583324123,0
866,[0.25331038 0.24428111 0.00576781 0.18399409 0.21815846 0.09587425],0.0019806640583324123,0
867,[0.25331038 0.24428111 0.00576781 0.18399409 0.21815846 0.09587425],0.0019806640583324123,0
868,[0.25331038 0.24428111 0.00576781 0.18399409 0.21815846 0.09587425],0.0019806640583324123,0
869,[0.25331038 0.24428111 0.00576781 0.18399409 0.21815846 0.09587425],0.0019806640583324123,0
870,[0.25331038 0.24428111 0.00576781 0.18399409 0.21815846 0.09587425],0.0019806640583324123,0
871,[0.25331038 0.24428111 0.00576781 0.18399409 0.21815846 0.09587425],0.0019806640583324123,0
872,[0.25331038 0.24428111 0.00576781 0.18399409 0.21815846 0.09587425],0.0019806640583324123,0
873,[0.25331038 0.24428111 0.00576781 0.18399409 0.21815846 0.09587425],0.0019806640583324123,0
874,[0.25331038 0.24428111 0.00576781 0.18399409 0.21815846 0.09587425],0.0019806640583324123,0
875,[0.25331038 0.24428111 0.00576781 0.18399409 0.21815846 0.09587425],0.0019806640583324123,0
876,[0.25331038 0.24428111 0.00576781 0.18399409 0.21815846 0.09587425],0.0019806640583324123,0
877,[0.25331038 0.24428111 0.00576781 0.18399409 0.21815846 0.09587425],0.0019806640583324123,0
878,[0.25331038 0.24428111 0.00576781 0.18399409 0.21815846 0.09587425],0.0019806640583324123,0
879,[0.25331038 0.24428111 0.00576781 0.18399409 0.21815846 0.09587425],0.0019806640583324123,0
880,[0.25331038 0.24428111 0.00576781 0.18399409 0.21815846 0.09587425],0.0019806640583324123,0
881,[0.25331038 0.24428111 0.00576781 0.18399409 0.21815846 0.09587425],0.0019806640583324123,0
882,[0.25331038 0.24428111 0.00576781 0.18399409 0.21815846 0.09587425],0.0019806640583324123,0
883,[0.25331038 0.24428111 0.00576781 0.18399409 0.21815846 0.09587425],0.0019806640583324123,0
884,[0.25331038 0.24428111 0.00576781 0.18399409 0.21815846 0.09587425],0.0019806640583324123,0
885,[0.25331038 0.24428111 0.00576781 0.18399409 0.21815846 0.09587425],0.0019806640583324123,0
886,[0.25331038 0.24428111 0.00576781 0.18399409 0.21815846 0.09587425],0.0019806640583324123,0
887,[0.25331038 0.24428111 0.00576781 0.18399409 0.21815846 0.09587425],0.0019806640583324123,0
888,[0.25331038 0.24428111 0.00576781 0.18399409 0.21815846 0.09587425],0.0019806640583324123,0
889,[0.25331038 0.24428111 0.00576781 0.18399409 0.21815846 0.09587425],0.0019806640583324123,0
890,[0.25331038 0.24428111 0.00576781 0.18399409 0.21815846 0.09587425],0.0019806640583324123,0
891,[0.25331038 0.24428111 0.00576781 0.18399409 0.21815846 0.09587425],0.0019806640583324123,0
892,[0.25331038 0.24428111 0.00576781 0.18399409 0.21815846 0.09587425],0.0019806640583324123,0
893,[0.25331038 0.24428111 0.00576781 0.18399409 0.21815846 0.09587425],0.0019806640583324123,0
894,[0.25331038 0.24428111 0.00576781 0.18399409 0.21815846 0.09587425],0.0019806640583324123,0
895,[0.25331038 0.24428111 0.00576781 0.18399409 0.21815846 0.09587425],0.0019806640583324123,0
896,[0.25331038 0.24428111 0.0040948  0.18399409 0.21815846 0.09587425],0.0017652154321356622,0
897,[0.25331038 0.24428111 0.0040948  0.18399409 0.21815846 0.09587425],0.0017652154321356622,0
898,[0.25331038 0.24428111 0.0040948  0.18399409 0.21815846 0.09587425],0.0017652154321356622,0
899,[0.25331038 0.24428111 0.0040948  0.18399409 0.21815846 0.09587425],0.0017652154321356622,0
900,[0.25331038 0.24428111 0.0040948  0.18399409 0.21815846 0.09587425],0.0017652154321356622,0
901,[0.25331038 0.24428111 0.0040948  0.18399409 0.21815846 0.09587425],0.0017652154321356622,0
902,[0.25331038 0.24428111 0.0040948  0.18399409 0.21815846 0.09587425],0.0017652154321356622,0
903,[0.25331038 0.24428111 0.0040948  0.18399409 0.21815846 0.09587425],0.0017652154321356622,0
904,[0.25331038 0.24428111 0.0040948  0.18399409 0.21815846 0.09587425],0.0017652154321356622,0
905,[0.25331038 0.24428111 0.0040948  0.18399409 0.21815846 0.09587425],0.0017652154321356622,0
906,[0.25331038 0.24428111 0.0040948  0.18399409 0.21815846 0.09587425],0.0017652154321356622,0
907,[0.25331038 0.24428111 0.0040948  0.18399409 0.21815846 0.09587425],0.0017652154321356622,0
908,[0.25331038 0.24428111 0.0040948  0.18399409 0.21815846 0.09587425],0.0017652154321356622,0
909,[0.25331038 0.24428111 0.0040948  0.18399409 0.21815846 0.09587425],0.0017652154321356622,0
910,[0.25331038 0.24428111 0.0040948  0.18399409 0.21815846 0.09587425],0.0017652154321356622,0
911,[0.25331038 0.24428111 0.0040948  0.18399409 0.21815846 0.09587425],0.0017652154321356622,0
912,[0.25331038 0.24428111 0.0040948  0.18399409 0.21815846 0.09587425],0.0017652154321356622,0
913,[0.25331038 0.24428111 0.0040948  0.18399409 0.21815846 0.09587425],0.0017652154321356622,0
914,[0.25331038 0.24428111 0.0040948  0.18399409 0.21815846 0.09587425],0.0017652154321356622,0
915,[0.25331038 0.24428111 0.0040948  0.18399409 0.21815846 0.09587425],0.0017652154321356622,0
916,[0.25331038 0.24428111 0.0040948  0.18399409 0.21815846 0.09587425],0.0017652154321356622,0
917,[0.25331038 0.24428111 0.0040948  0.18399409 0.21815846 0.09587425],0.0017652154321356622,0
918,[0.25331038 0.24428111 0.0040948  0.18399409 0.21815846 0.09587425],0.0017652154321356622,0
919,[0.25331038 0.24428111 0.0040948  0.18399409 0.21815846 0.09587425],0.0017652154321356622,0
920,[0.25331038 0.24428111 0.0040948  0.18399409 0.21815846 0.09587425],0.0017652154321356622,0
921,[0.25331038 0.24428111 0.0040948  0.18399409 0.21815846 0.09587425],0.0017652154321356622,0
922,[0.25331038 0.24428111 0.0040948  0.18399409 0.21815846 0.09587425],0.0017652154321356622,0
923,[0.25331038 0.24428111 0.0040948  0.18399409 0.21815846 0.09587425],0.0017652154321356622,0
924,[0.25331038 0.24428111 0.0040948  0.18399409 0.21815846 0.09587425],0.0017652154321356622,0
925,[0.25331038 0.24428111 0.0040948  0.18399409 0.21815846 0.09587425],0.0017652154321356622,0
926,[0.25331038 0.24428111 0.0040948  0.18399409 0.21815846 0.09587425],0.0017652154321356622,0
927,[0.25331038 0.24428111 0.0040948  0.18399409 0.21815846 0.09587425],0.0017652154321356622,0
928,[0.25331038 0.24428111 0.0040948  0.18399409 0.21815846 0.09587425],0.0017652154321356622,0
929,[0.25331038 0.24428111 0.0040948  0.18399409 0.21815846 0.09587425],0.0017652154321356622,0
930,[0.25331038 0.24428111 0.0040948  0.18399409 0.21815846 0.09587425],0.0017652154321356622,0
931,[0.25331038 0.24428111 0.0040948  0.18399409 0.21815846 0.09587425],0.0017652154321356622,0
932,[0.25331038 0.24428111 0.0040948  0.18399409 0.21815846 0.09587425],0.0017652154321356622,0
933,[0.25331038 0.24428111 0.0040948  0.18399409 0.21815846 0.09587425],0.0017652154321356622,0
934,[0.25331038 0.24428111 0.0040948  0.18399409 0.21815846 0.09587425],0.0017652154321356622,0
935,[0.25331038 0.24428111 0.0040948  0.18399409 0.21815846 0.09587425],0.0017652154321356622,0
936,[0.25331038 0.24428111 0.0040948  0.18399409 0.21815846 0.09587425],0.0017652154321356622,0
937,[0.25331038 0.24428111 0.0040948  0.18399409 0.21815846 0.09587425],0.0017652154321356622,0
938,[0.25331038 0.24428111 0.0040948  0.18399409 0.21815846 0.09587425],0.0017652154321356622,0
939,[0.25331038 0.24428111 0.0040948  0.18399409 0.21815846 0.09587425],0.0017652154321356622,0
940,[0.25331038 0.24428111 0.0040948  0.18399409 0.21815846 0.09587425],0.0017652154321356622,0
941,[0.25331038 0.24428111 0.0040948  0.18399409 0.21815846 0.09587425],0.0017652154321356622,0
942,[0.25331038 0.24428111 0.0040948  0.18399409 0.21815846 0.09587425],0.0017652154321356622,0
943,[0.25331038 0.24428111 0.0040948  0.18399409 0.21815846 0.09587425],0.0017652154321356622,0
944,[0.25331038 0.24428111 0.0040948  0.18399409 0.21815846 0.09587425],0.0017652154321356622,0
945,[0.25331038 0.24428111 0.0040948  0.18399409 0.21815846 0.09587425],0.0017652154321356622,0
946,[0.25331038 0.24428111 0.0040948  0.18399409 0.21815846 0.09587425],0.0017652154321356622,0
947,[0.25331038 0.24428111 0.0040948  0.18399409 0.21815846 0.09587425],0.0017652154321356622,0
948,[0.25331038 0.24428111 0.0040948  0.18399409 0.21815846 0.09587425],0.0017652154321356622,0
949,[0.25331038 0.24428111 0.0040948  0.18399409 0.21815846 0.09587425],0.0017652154321356622,0
950,[0.25331038 0.24428111 0.0040948  0.18399409 0.21815846 0.09587425],0.0017652154321356622,0
951,[0.25331038 0.24428111 0.0040948  0.18399409 0.21815846 0.09587425],0.0017652154321356622,0
952,[0.25331038 0.24428111 0.0040948  0.18399409 0.21815846 0.09587425],0.0017652154321356622,0
953,[0.25331038 0.24428111 0.0040948  0.18399409 0.21815846 0.09587425],0.0017652154321356622,0
954,[0.25331038 0.24428111 0.0040948  0.18399409 0.21815846 0.09587425],0.0017652154321356622,0
955,[0.25331038 0.24428111 0.0040948  0.18399409 0.21815846 0.09587425],0.0017652154321356622,0
956,[0.25331038 0.24428111 0.0040948  0.18399409 0.21815846 0.09587425],0.0017652154321356622,0
957,[0.25331038 0.24428111 0.0040948  0.18399409 0.21815846 0.09587425],0.0017652154321356622,0
958,[0.25331038 0.24428111 0.0040948  0.18399409 0.21815846 0.09587425],0.0017652154321356622,0
959,[0.25331038 0.24428111 0.0040948  0.18399409 0.21815846 0.09587425],0.0017652154321356622,0
960,[0.25331038 0.24428111 0.0040948  0.18399409 0.21815846 0.09587425],0.0017652154321356622,0
961,[0.25331038 0.24428111 0.0040948  0.18399409 0.21815846 0.09587425],0.0017652154321356622,0
962,[0.25331038 0.24428111 0.0040948  0.18399409 0.21815846 0.09587425],0.0017652154321356622,0
963,[0.25331038 0.24428111 0.0040948  0.18399409 0.21815846 0.09587425],0.0017652154321356622,0
964,[0.25331038 0.24428111 0.0040948  0.18399409 0.21815846 0.09587425],0.0017652154321356622,0
965,[0.25331038 0.24428111 0.0040948  0.18399409 0.21815846 0.09587425],0.0017652154321356622,0
966,[0.25331038 0.24428111 0.0040948  0.18399409 0.21815846 0.09587425],0.0017652154321356622,0
967,[0.25331038 0.24428111 0.0040948  0.18399409 0.21815846 0.09587425],0.0017652154321356622,0
968,[0.25331038 0.24428111 0.0040948  0.18399409 0.21815846 0.09587425],0.0017652154321356622,0
969,[0.25331038 0.24428111 0.0040948  0.18399409 0.21815846 0.09587425],0.0017652154321356622,0
970,[0.25331038 0.24428111 0.0040948  0.18399409 0.21815846 0.09587425],0.0017652154321356622,0
971,[0.25331038 0.24428111 0.0040948  0.18399409 0.21815846 0.09587425],0.0017652154321356622,0
972,[0.25331038 0.24428111 0.0040948  0.18399409 0.21815846 0.09587425],0.0017652154321356622,0
973,[0.25331038 0.24428111 0.0040948  0.18399409 0.21815846 0.09587425],0.0017652154321356622,0
974,[0.25331038 0.24428111 0.0040948  0.18399409 0.21815846 0.09587425],0.0017652154321356622,0
975,[0.25331038 0.24428111 0.0040948  0.18399409 0.21815846 0.09587425],0.0017652154321356622,0
976,[0.25331038 0.24428111 0.0040948  0.18399409 0.21815846 0.09587425],0.0017652154321356622,0
977,[0.25331038 0.24428111 0.0040948  0.18399409 0.21815846 0.09587425],0.0017652154321356622,0
978,[0.25331038 0.24428111 0.0040948  0.18399409 0.21815846 0.09587425],0.0017652154321356622,0
979,[0.25331038 0.24428111 0.0040948  0.18399409 0.21815846 0.09587425],0.0017652154321356622,0
980,[0.25331038 0.24428111 0.0040948  0.18399409 0.21815846 0.09587425],0.0017652154321356622,0
981,[0.25331038 0.24428111 0.0040948  0.18399409 0.21815846 0.09587425],0.0017652154321356622,0
982,[0.25331038 0.24428111 0.0040948  0.18399409 0.21815846 0.09587425],0.0017652154321356622,0
983,[0.25331038 0.24428111 0.0040948  0.18399409 0.21815846 0.09587425],0.0017652154321356622,0
984,[0.25331038 0.24428111 0.0040948  0.18399409 0.21815846 0.09587425],0.0017652154321356622,0
985,[0.25331038 0.24428111 0.0040948  0.18399409 0.21815846 0.09587425],0.0017652154321356622,0
986,[0.25331038 0.24428111 0.0040948  0.18399409 0.21815846 0.09587425],0.0017652154321356622,0
987,[0.25331038 0.24428111 0.0040948  0.18399409 0.21815846 0.09587425],0.0017652154321356622,0
988,[0.25331038 0.24428111 0.0040948  0.18399409 0.21815846 0.09587425],0.0017652154321356622,0
989,[0.25331038 0.24428111 0.0040948  0.18399409 0.21815846 0.09587425],0.0017652154321356622,0
990,[0.25331038 0.24428111 0.0040948  0.18399409 0.21815846 0.09587425],0.0017652154321356622,0
991,[0.25331038 0.24428111 0.0040948  0.18399409 0.21815846 0.09587425],0.0017652154321356622,0
992,[0.25331038 0.24428111 0.0040948  0.18399409 0.21815846 0.09587425],0.0017652154321356622,0
993,[0.25331038 0.24428111 0.0040948  0.18399409 0.21815846 0.09587425],0.0017652154321356622,0
994,[0.25331038 0.24428111 0.0040948  0.18399409 0.21815846 0.09587425],0.0017652154321356622,0
995,[0.25331038 0.24428111 0.0040948  0.18399409 0.21815846 0.09587425],0.0017652154321356622,0
996,[0.25331038 0.24428111 0.0040948  0.18399409 0.21815846 0.09587425],0.0017652154321356622,0
997,[0.25331038 0.24428111 0.0040948  0.18399409 0.21815846 0.09587425],0.0017652154321356622,0
998,[0.25331038 0.24428111 0.0040948  0.18399409 0.21815846 0.09587425],0.0017652154321356622,0
999,[0.25331038 0.24428111 0.0040948  0.18399409 0.21815846 0.09587425],0.0017652154321356622,0
1000,[0.25331038 0.24428111 0.0040948  0.18399409 0.21815846 0.09587425],0.0017652154321356622,0
